file, text  
train_0.wav, "[Intro] Voice of Trisma the best online radio in Bali Voice of Trisma the best online radio in Bali hai Sobat Trisma balik lagi bersama aku Naina di program paling ngetop yang pastinya udah Sobat Trisma nantikan juga selama seminggu"
train_1.wav, "apalagi kalau bukan all about movie gimana kabar Sobat Trisma hari ini semoga lagi dalam mood yang cerah tenang dan siap diajak menyelam ke cerita-cerita yang hangat ya Sobat Trisma apa lagi udah selesai galungan kalau Sobat Trisma merayakan galungan pastinya udah puas dong ya makan-makanan olahan babi terus minggu ini jujur kalau naina sih sampai bosen ya Sobat Trisma mau pagi mau siang so"
train_2.wav, "re malem makanan Naina selama perayaan suci ini sih sampai bosen ya Sobat Trisma mau pagi mau siang sore malem makanan Naina selama perayaan suci ini sih sampai bosen ya Sobat Trisma mau pagi mau siang sore malem makanan Naina selama perayaan suci ini sih sampai bosen ya Sobat Trisma mau pagi mau siang sore malem makanan Naina selama perayaan suci ini sih sampai bosen ya Sobat Trisma"
train_3.wav, "mau pagi mau siang sore malem makanan Naina selama perayaan suci ini sih sampai bosen ya Sobat Trisma mau pagi mau siang sore malem makanan Naina selama perayaan suci ini sih sampai bosen ya Sobat Trisma mau pagi mau siang sore malem makanan Naina selama perayaan suci ini sih sampai bosen ya Sobat Trisma mau pagi mau siang sore malem makanan Naina selama perayaan suci ini"
train_4.wav, "ampe bosen ya Sobat Trisma mau pagi mau siang sore malem makanan Naina selama perayaan suci ini khas ibu dan lebih serunya lagi kita gak cuma ngebahasa satu film aja sobat trisma gak dua juga tapi empat film sekaligus empat film yang bakal menunjukan gimana peran seorang ibu itu beda beda di setiap budaya tapi semuanya tetap terikat oleh satu hal yaitu cinta yang ga pernah ada"
train_5.wav, "habisnya yang pertama ada film dari indonesia yang hangatnya itu langsung berasa kek pelukan ibu sendiri ada juga film dari luar negeri yang memberikan sudut pandang baru yang lebih luas lebih variatif tapi tetep bakalan bikin hati kita meleleh dan tugas kita sore ini sobat trisma kita bakalan mencari tahu kira-kira apa ya yang membedakan cara film indonesia dan film luar negeri"
train_6.wav, "dalam menggambarkan sosok ibu kira-kira apasih yang ngebikin ibu dalam film lokal itu kerasa begidu begitu deket atau begitu nyata dan kenapa ya kalau film internasional itu bisa menampilkan ibu dalam sisi yang kadang gak kita lihat sehari-hari kita bakalan kupas semuanya pelan pelan ya sobat trisma sambil ngerasain lagi kepikiran momen-momen kecil bareng ibu yang mungkin udah lama enggak kita pikirin mulai"
train_7.wav, "dari ibu yang rela lembur demi anaknya ibu yang selalu nyiapin bekal pagi-pagi sampai ibu yang diam-diam selalu doa setiap kamu ujian semuanya punya ceritanya sendiri dan film-film ini bakalan jadi cara yang indah buat menghargain itu semua jadi sobat trisma siapin posisi paling nyaman kamu mau sambil rebahan boleh mau sambil ngopi atau ngeteh boleh banget ya Sobat Tisma atau mungkin sambil nahan terharu ya, karena"
train_8.wav, "tiba-tiba keinget momen bareng ibu, ya gak apa-apa, itu wajar kok. Karena sore ini kita gak bakalan cuma nonton lewat ceritanya, tapi juga merasakan lewat hati.  Dan sebelum kita masuk ke film pertama, Naina mau bikin suasananya lebih lembut lagi deh. Kita puterin satu lagu yang manis banget, yang bisa bikin kamu ingat perjalanan kamu sama Ibu dari kecil sampai sekarang, yang bikin hati kamu siap untuk masuk ke pembahasan hari ini."
train_9.wav, "Oke Sobat Trisma, ini dia Sleeping Through My Finger dari ABBA. Selamat mendengarkan. [Lirik] she leaves home in the early morning [Lirik] Waving goodbye with an absent-minded smile [Lirik] I watch her go with a surge of that well-known sadness [Lirik] And I have to sit down for a"
train_10.wav, "while [Lirik] The feeling that I'm losing her forever [Lirik] And without really entering her world [Lirik] I'm glad whenever I can share her laughter [Lirik] That funny little girl [Lirik] Slipping through my fingers all the time"
train_11.wav, "[Lirik] I try to capture every minute [Lirik] The feeling in it [Lirik] Slipping through my fingers all the time [Lirik] Do I really see what's in her mind [Lirik] Each time I think I'm close to knowing [Lirik] She keeps on growing [Lirik] Slipping through my fingers all the time [Lirik] Sleep in our"
train_12.wav, "eyes, her and me at the breakfast table [Lirik] Barely awake, I let precious time go by [Lirik] Then when she's gone, there's that odd melancholy feeling [Lirik] And a sense of guilt I can't deny [Lirik] What happened to the wonderful"
train_13.wav, "adventures [Lirik] The places I had planned for us to go [Lirik] (Slipping through my fingers all the time) [Lirik] Well, some of that we did but most we didn't [Lirik] And why, I just don't know [Lirik] Slipping through my fingers all the time [Lirik] I try to capture every minute [Lirik] The"
train_14.wav, "feeling in it [Lirik] Slipping through my fingers all the time [Lirik] Do I really see what's in her mind [Lirik] Each time I think I'm close to knowing [Lirik] She keeps on growing [Lirik] Slipping through my fingers all the time [Lirik] Sometimes I wish that I could freeze the picture [Lirik] And save it from the funny tricks"
train_15.wav, "of time [Lirik] Slipping through my fingers"
train_16.wav, "[Lirik] Slipping through my fingers all the time Voice of Trisma, the best online radio in Bali. Oke Sobat Trisma balik lagi bareng Naina di All About Movie. Tadi kita udah pemanasan sama lagu pembuka dan sekarang siap-siap ya Sobat Trisma karena film pertama kita sore ini tuh beda banget ya dari biasanya. Kalau biasanya Naina mengawali film dengan yang cute, fun"
train_17.wav, "atau yang penuh warna, kali ini Nayna membuat opening film yang agak kelam dan lumayan nusuk ya kehubungan Ibu dan Anak. Sobat Trisma pasti udah gak asing dong sama legenda yang dari kecil mungkin udah sering diceritain sama orang tua. Yang kita itu bakalan berubah jadi batu Sobat Trisma. Kira-kira apa tuh? Yap bener banget Malin Kundang Sobat Trisma. Legenda klasik yang selalu dipake buat ngingetin kita"
train_18.wav, "biar jangan durhaka sama ibu. Tapi bayangin dong sobat Trisma, kalau cerita ini kita bikin ulang dengan suasana yang jauh lebih gelap, yang psikologis dan penuh misteri. Nah, itulah yang coba dibawa sama film legenda kelam Malin Kundang. Film ini itu versi modern yang bakalan bikin kita mikir ulang. Sebenernya, apa sih yang terjadi dibalik cerita Malin Kundang? Dia ini kan diproduksi"
train_19.wav, "sama Come and See Pictures. Dan film ini tuh bukan sekedar nunjukin anak yang durhaka terus kena kutukan. Ini lebih dari itu Sobat Trisma. Filmnya itu bakal ngebongkar luka masa lalu, trauma keluarga, dan identitas diri yang bikin kita mikir panjang. Sobat, jujur aja, ini sih bukan thriller yang mengandalkan loncatan jumpscare gitu ya. Tapi ini tipe film yang bikin kamu itu gak nyaman karena terlalu real"
train_20.wav, "dan emosinya itu bakal dapet banget Sobat Trisma. Tokoh utamanya aja, Alif yang diperanin sama Rio Dewanto, dia itu seniman yang baru pulih dari kecelakaan sampai-sampai, dia itu sebagian memori nya hilang Sobat Trisma. Akhirnya dia dijemput sama istrinya yang namanya Nadine dan anak mereka Emir buat balik ke rumah. Harusnya suasananya tenang aja dong ya. Tapi tiba-tiba Nadine ini bilang kalau Ibu"
train_21.wav, "Alif bakalan dateng dari kampung. Masalahnya Alif ini gak inget siapa ibunya. Bahkan wajahnya pun asing sobat Trisma. Dan makin dia ketemu, langsung makin kuat gitu instingnya Alif kalau perempuan itu bukan ibunya dia dan dari ibunya dia. Dan dari sini alurnya itu meluncur jadi kesurupan yang mengandung kecurigaan gitu Sobat Trisma. Dan juga trauma masa lalu. Apalagi juga ada"
train_22.wav, "rahasia yang bikin penonton itu bakalan ikut kebingungan bareng si Alif. Wah Sobat Trisma kebayang gak sih? Udah duduk di bioskop, nonton Alif yang hilang arah, terus kamu ikut-ikutan kayak, ""Eh, beneran nggak sih? Itu ibunya?"" Langsung mind blow dong ya satu studio. Film ini juga diperanin sama aktor-aktor jagoan kayak Rio Dewanto sebagai Alif, Faradina sebagai Nadine, Jordan Omar sebagai Emir, Fonny Anggaranyi,"
train_23.wav, "dan Nova Eliza. Dan katanya ya SobatTrisma, mereka itu sampai latihan micro-expression biar emosinya itu dapat banget. Jadi bukan sekedar yang teriak-teriak aja ya, tapi tatapan mata, senyum kecil, gerakan tangan, semua itu jadi petunjuk penting. Makanya SobatTrisma, kalau nonton nanti jangan banyak ngedip ya SobatTrisma, takutnya kelewat detail-detail pentingnya. Yang ngebikin makin keren, film ini diarahkan sama dua sutradara baru"
train_24.wav, "Kevin Raharjo dan Rafki Hidayat dengan Joko Anwar sebagai produser sekaligus penulis naskah bareng sama Elin Jayakusuma dan Rafki. Jadi tone filmnya ini bakalan berasa rapat, penuh tekanan dan pastinya gelap ya ala-ala Joko Anwar, khasnya Joko Anwar banget tapi tetap fresh dengan sentuhan sutradara yang baru. Film ini sudah diperkenalkan ke publik di konferensi Pers 19 Mei 2025"
train_25.wav, "kemarin dan rencananya bakalan rilis akhir tahun 2025. Jadi masih ada waktu buat SobatTrisma siap-siap mental dulu nih sebelum menonton versi paling kelam dari legenda yang selama ini kita tahu. Dan kalau kita flashback dikit ya SobatTrisma ke legenda aslinya, cerita Malin Kundang itu kan sebenarnya tentang anak yang lupa daratan. Udah sombong dan akhirnya dia kena kutukan karena menyakiti ibunya."
train_26.wav, "Pesannya sih simpel aja ya, asal usul dan orang tua itu nggak boleh dilupakan. Nah, kalau versi film yang ini, bikin pesannya itu lebih dalam lagi sobatTrisma, dan lebih relevan ya dengan jaman sekarang, dan juga makin dekat sama kehidupan anak muda yang kadang merasa jauh dari keluarga. Kebayang ya sobatTrisma, dari legenda yang biasanya cuma kita dengar waktu kecil, tiba-tiba dibikin jadi genre thriller psikologis"
train_27.wav, "yang bikin kamu mempertanyakan hubungan keluarga, pengorbanan, dan memori. Ya ini bukan film yang cuma buat sekedar di tonton aja ya Sobat Trisma tapi buat dirasakan maknanya jadi sobat trisma siap gak nonotn film yang bukan cuma bikin merinding tapi juga bikin mikir ulang tentang hubungan kita sama Ibu. Karena percaya deh, habis nonton ini kamu mungkin bakalan pulang ke rumah terus langsung peluk ibu kamu sendiri ya."
train_28.wav, "Oke, itu dia film pembuka kita yang super kelam tapi super bermakna. Habis ini masih ada 3 film Korea yang bakalan Naina bahas buat nemenin sore kamu. Jadi jangan kemana-mana dulu ya, Sobat Trisma. Dan sebelum lanjut, kita break dulu buat dengerin lagu yang pas banget buat suasana reflektif dan menyentuh hati. Ini dia, ""We Hug Now"" dari Sydney Rose. Selamat mendengarkan, Sabat Trisma."
train_29.wav, "[Lirik] You don't see stars here, they're just city lights [Lirik] I think back to where you live and how you can see the entire sky [Lirik] It's occasional, sometimes I'll see the moon"
train_30.wav, "[Lirik] And I'll think of you [Lirik] My mom will convince me, and I'll get the courage to ask [Lirik] We will get coffee in Canton and you'll nervously laugh [Lirik] When we hug, 'cause we don't hug, we never used to do that"
train_31.wav, "[Lirik] We don't do that [Lirik] Sometimes I go to sleep [Lirik] And I'm still 17 [Lirik] You still live down"
train_32.wav, "my street [Lirik] You're not mad at me [Lirik] And in that dream, I will say everything I wanted [Lirik] That every day after May, I haven't found what I needed [Lirik] No"
train_33.wav, "one has come close to you [Lirik] And I don't think anyone will [Lirik] Sometimes I go to sleep [Lirik] And I'm still 17"
train_34.wav, "[Lirik] You still live down my street [Lirik] You're not mad at me [Lirik] I have a feeling you got"
train_35.wav, "everything you wanted [Lirik] And you're not wasting time stuck here like me [Lirik] You're just thinkin' it's a small thing that happened [Lirik] The world ended when it happened to me [Lirik] I have a feeling you got everything you wanted [Lirik] And you're not wasting time stuck here like me [Lirik] You're just thinkin' it's a small thing that happened [Lirik] The world ended when it happened to me"
train_36.wav, "[Lirik] When it happened to me, when it happened to me [Lirik] I have a feeling you got everything you wanted [Lirik] And you're not wasting time stuck here like me [Lirik] You're just thinkin' it's a small thing that happened [Lirik] The world ended when it happened to me Voice of Trisma the best online radio in Bali"
train_37.wav, "Gimana nih perasaan sobat trisma setelah mendengar lagu dari Sydney Rose tadi, I know I know sobat trisma lagu pilihan Naina emang bagus bagus semua ya. Yes, terima kasih. Naina nggak bermaksud bikin SobatTrisma sedih kok dengan lagu yang tadi. Justru Naina mau bikin SobatTrisma makin sadar dengan pentingnya sosok ibu di hidup kita. Kita nggak pernah tahu ya apa yang sudah beliau lalui"
train_38.wav, "di dunia untuk memberikan kehidupan kita yang sekarang. Pas banget nih sama film kedua tentang sosok ibu dari perspektif lain dari seorang anak. Jujur ya SobatTrisma, ini salah satu film tentang sosok ibu yang paling ngena menurut Naina. Paling membekas dan paling duduk manis tapi nusuk pelan-pelan yang Indonesia punya tahun ini. Judulnya adalah Pangku. Kalau tadi kita di"
train_39.wav, "bawa ke suasana thriller yang gelap dan penuh trauma ya lewat film pertama, sekarang kita turun pelan-pelan ke kehidupan nyata yang lebih mentah, lebih manusiawi, lebih apa adanya. Pangku adalah debut penyutradaraan film panjang dari Reza Rahadianloh sobat trisma. Yes"
train_40.wav, "Reza yang biasanya kita lihat sebagai aktor top, kali ini dia duduk di banku sutradara dan ngebuktikan kalau bakatnya itu ternyata nggak ada batasnya ya sobat trisma. dan yang bikin makin keren film ini diangkat dari kisah nyata kehidupan perempuan-perempuan pantura yang mungkin selama ini jarang ya kita bicara kan.  Nah filmnya ini ngikutin perjalanan Sartika yang diperanin sama Clares"
train_41.wav, "ta Tauvan, seorang ibu muda yang hidupnya itu penuh luka sobat trisma. dan dia penuh jatuh bangun dan dia ini lagi berjuang buat bangkit setelah pindah ke kawasan Pesisir Utara Jawa.  Sartika ini ketemu sosok ibu baru namanya Bu Maya yang diperanin sama Christine Hakim. Bu Maya ini pemilik warung kopi yang jadi tempat dia berteduh dari kerasnya dunia. Dan disini sobat, Sartika"
train_42.wav, "mulai bekerja sebagai gadis kopi pangku. pekerjaan yang sering dipandang sinis ya, sering disalahpahami. Tapi buat Sartika, ini cara dia bertahan hidup. cara dia ngasih makan anaknya dan cara dia tetap berdiri meski dunia seakan gak berpihak. Film ini tuh gak pernah mencoba menghakimi ya sobat Trisma, tenang aja.  Reza sebagai sutradara itu justru menunjukkan kalau di balik pekerjaan yang"
train_43.wav, "sering jadi stigma, ada manusia yang lagi berusaha untuk tetap hidup. Dan itu tentunya terasa banget di film ini. Di tengah hidup yang berat itu, hadir lah sosok Hadi yang diperanin sama Fedy Nuril, supir truk ikan yang hangat banget deh orangnya. Tipe orang baik yang muncul pelan-pelan dan bikin Sartika ini bisa percaya lagi kalau dia layak dicintai. Tapi ya sobat trisma, jangan dulu deh"
train_44.wav, "kebayang romansa manis ala drama Korea ya. Hubungan mereka sih sederhana aja, jujur dan lebih ke pertemuan dua orang yang lagi sama-sama capek sama hidup. Sementara itu ya anak Sartika yang namanya Bayu dia ya tumbuh dengan penolakan, rasa malu, dan kebingungan tentang pekerjaan ibunya. Sampai akhirnya dia ini kenal sama yang namanya Gilang yang diperanin sama Deva"
train_45.wav, "no Danendra. Anak yatim yang justru ngajarin dia soal ketulusan dan kuatnya hidup dari kalangan bawah. Yang bikin film ini tambah punya warna ya SobatTrisma. Pangku ini mengambil latar tahun 1998. Dan kamu itu bakal ngeliat detailnya yang super teliti. Dari plot nomor truk, uang jaman dulu, kostumnya sampai jajanan warung kopi. Reza ini niat banget ya, buat nunjukin dunia pantu"
train_46.wav, "ra apa adanya. Yang keras, berdebu, sederhana tapi agak sedikit hangat. Claresta Tauvan ya pastinya tampil luar biasa ya sobat trisma dari adegan dia itu hamil tua sampai jadi ibu yang harus menahan harga diri sambil tetep tersenyum semuanya dia mainkan dalam kedalaman emosi yang ngebikin kita keseret masuk keseret masuk ke hidup Sartika. Belum lagi ya, Christine Hakim yang, Aduh deh SebatTrisma, tiap dia muncul itu ra"
train_47.wav, "sanya kita kayak ditampar sama nasihat hidup.  Film ini juga punya plot twist yang lumayan lah di bagian akhir sobatTrisma. Bukan yang ""wah gila"", tapi lebih ke plot twist halus yang bikin kamu itu ngerasa ""ohh pantes"". Dan itu ya cukup buat bikin kamu merenung lagi tentang keputusan para karakternya. Dan yang bikin bangga ya SobatTrisma, pangku ini sudah sukses sampai ke Wusan International Film"
train_48.wav, "Festival 2025. Dan bahkan dapat penghargaan di sana. Reza Rahadian ini sampai bilang, kalau kemenangan itu bukan cuma buat dia, tapi buat seluruh sinema Indonesia. Keren banget gak sih? Ya, ini sih bukan film yang banyak dialog ya Soba tTrisma, lebih menurut Naina banyak banget adegan heningnya. Ada tatapan yang panjang, suara ombak, dan detail kecil di warung kopi pangku. Tapi justru itulah kekuatannya"
train_49.wav, "filmnya itu ngomong lewat visual dan emosi, bukan drama berlebihan aja. Dan jangan salah ya SobatTrisma, rating dari redaksi 9/10. Wow, menurut naina itu layak banget ya, karena pangku ini adalah film tentang perempuan yang bertahan. Tentang ibu yang mencintai tanpa syarat dan tentang manusia yang tetap perjalan meskipun hidup berkali-kali menjatuhkan. Sobat Trisma, kalau kamu lagi butuh film"
train_50.wav, "yang bikin kamu merasa lebih dekat sama ibu kamu, inilah filmnya. Dan sebelum kita lanjut ke film ketiga, kita break dulu sebentar buat masuk ke suasana yang lebih adem. Lagu selanjutnya bakal nemenin kamu buat merenung sejenak. Ini dia Not a Lot, Just Forever dari Adrianne Lenker. Selamat mendengarkan. [Lirik] Through your eyes I see"
train_51.wav, "[Lirik] A smile you bring to me [Lirik] To your joy, I tether [Lirik] Not a lot, just forever [Lirik] Intertwined, sewn together [Lirik] Like the rock bears the weather [Lirik] Not a lot, just"
train_52.wav, "forever [Lirik] My dog barks wildly [Lirik] To protect my infancy [Lirik] From my ex-believer [Lirik] And I try to calm the wolf [Lirik] To remind her I am both [Lirik] Still she tears"
train_53.wav, "at my sweater [Lirik] Not a lot, just forever [Lirik] Intertwined, sewn together [Lirik] As the wren sheds her feather [Lirik] Not a lot, just forever [Lirik] And your dearest fantasy"
train_54.wav, "[Lirik] Is to grow a baby in me [Lirik] I could be a good mother [Lirik] And I wanna be your wife [Lirik] So I hold you to my knife [Lirik] And I steal your letter [Lirik] Not a lot, just"
train_55.wav, "forever [Lirik] Intertwine some together [Lirik] As the rock bears the weather [Lirik] Not a lot, just forever [Lirik] So I bash around the house [Lirik] And the poison stains"
train_56.wav, "my mouth [Lirik] She comes, I let her [Lirik] And we share a paradise [Lirik] And I roll them once or twice [Lirik] Can't get much better [Lirik] Not a lot, just forever [Lirik] Intertwined"
train_57.wav, "sewn together [Lirik] As the rock bears the weather [Lirik] Not a lot, just forever [Lirik] Not a lot, just forever [Lirik] Intertwined, sewn together [Lirik] As the wren bares her feathers"
train_58.wav, "[Lirik] Not a lot, just forever Voice of Trisma the best online radio in Bali, hai sobat trisma yuk kita lanjut ke film ketiga, dan sumpah ya, film yang satu ini sih menurut Naina kayak manis di luar, tapi begitu kamu gigit, pahitnya itu nembus sampai keubun-ubun, sobatTrisma. Judulnya"
train_59.wav, "adalah Mother's Instinct, thriller psikologis yang halusnya kayak satin, tapi nusuknya itu kayak jarum yang baru di asah ya. Ini bukan film yang bakal kamu tonton sambil scroll TikTok, Sobat Trisma. Menurut Naina, begitu filmnya itu mulai, otomatis ya, hapenya itu harus langsung ditaruh. Karena atmosfer 1960-annya itu cakep banget SobatTrisma. Udah rapi, anggun"
train_60.wav, "warnanya itu pastel-pastel, dan ada aura. Ini kok kayaknya bakal ada yang salah ya, yang nyelinap pelan banget sampai kamu sadar kalau kamu udah kejebak di dalam dunianya. Di film ini kita bakalan ketemu dua aktris Oscar yang kayaknya kalau cuma saling lirik aja udah bisa masuk nominasi ya. Ada Anne Hathaway sebagai Celine dan Jessica Castain sebagai Alice. Dari luar ya Sobat Trisma"
train_61.wav, "mereka itu contoh sempurna tetangga ideal. Rumahnya rapi, outfitnya selalu on point, senyumnya ramah kayak mau ngajak minum teh sore-sore, tapi semua itu hancur total ya SobatTrisma begitu tragedi itu datang. Anaknya selin, jatuh dari balkon, dan langsung meninggal. Dan dari situ filmnya ini langsung berubah Sobat Trisma, gak adalah gitu yang namanya pastel-pastel, yang tadi"
train_62.wav, "nya halus dan manis, tiba-tiba auranya langsung jadi dingin, menekan, dan bikin kamu ngerasa kayak ada sesuatu yang ngawasin ya dari balik tirai ini. Alice dan Celine ini awalnya sahabatan banget, sahabat Trisma. Kayak duo ibu-ibu ya yang oke yang ngurus anak bareng, yang goals banget lah. Saling numpang cerita dan selalu hadir buat satu sama lain. Tapi setelah Max ini meninggal, Celine itu"
train_63.wav, "berubah jadi orang yang gak bisa kita kenali lagi. Dia ini kehilangan satu-satunya anaknya dia. Dan karena dia ini cuma bisa hamil sekali, Max itu literal pusat hidupnya, Sobat Trisma. Begitu Max nggak ada, Celine kayak patah setengah jiwanya. Lalu dari rasa kosong itu muncul sesuatu yang gelap alias obsesi. Obsesinya dia itu mengarah ke Theo, anaknya si Alice. Dari"
train_64.wav, "sini, rumah yang tadinya penuh tawa ya, berubah jadi arena perang yang hening banget. Yang satu makin kacau, yang satu makin curiga, dan penontonnya cuma bisa duduk gemes sambil bilang, ""Ih, ini kenapa sih? Kok makin gak beres ya?"" Tapi Sobat Trisma, ini bukan drama ibu-ibu biasa ya, ini tuh thriller yang bakalan bikin kamu ngerasain gimana kasih sayang itu bisa berubah jadi monster. Selin ini cuma pengen"
train_65.wav, "menggantikan anaknya. Dan Alice, dia cuma pengen melindungi keluarganya. Nggak ada yang salah, sobat Trisma. Tapi emosi dua ibu ini nyangkut saling silang kayak kabel korslet ya. Suami-suami mereka itu pun kebawa ke dalam pusaran yang makin lama, makin berbahaya. Sampai akhirnya, semuanya itu memuncak ke titik tergelapnya. Selini ini, ngebunuh Alice dan suaminya melalui manipulasi yang benar-benar"
train_66.wav, "seram ya menurut Naina. Dan pastinya terencana banget. Terus plot twist paling pedihnya, polisi ya nggak curiga sama sekali. Karena ini tahun 96-an, Sobat Trisma, gitu aja. Bikin kamu jadi pengen teriak gitu loh, ""hello! Polisi, ada yang aneh gak sih?"" Dan bagian yang paling nusuk, yang bikin mungkin darah Sobat Trisma kayak diremas ya, Selin ini akhirnya mengadopsi si Teo Sobat Trisma, anak dari sahabatnya"
train_67.wav, "yang dia habisi. Wah ini parah sih, akhir filmnya itu pun tenang-tenang aja, terlalu tenang bahkan. mereka main di pantai ke ibu dan anak yang bahagia seolah dunia gak tahu apapun yang terjadi sebelumnya. Yang satu udah kehilangan kewarasan, yang satu kehilangan orang tuanya. Tapi semuanya itu dibungkus rapi, manis dalam satu frame. Makanya film ini bisa melegenda sobat Trisma."
train_68.wav, "acting dua aktrisnya ini bagus banget. Setahunnya indah banget buat jadi latar tragedi dan vibe thrillernya itu tipe yang gak meledak-ledak ya yang banyak jumpscarenya. Tapi dia itu menusuknya pelan-pelan, lama banget. Kayak bayangan yang ngikutin kamu pulang. Endingnya sederhana tapi bakalan nempel banget di kepala sampai bikin kamu mikir, ""ya ampun, ini tuh bentukah si ibu yang kalau kebabasan bisa berubah jadi ancaman"""
train_69.wav, "Ya, Kalau dua film sebelumnya bikin Sobat Trisma terharu, film yang ini bakal bikin kamu mikir ulang tentang kasih sayang yang terlalu besar. Keren sekali gue serem ya Sobat Trisma. Film yang udah kita bahas dari tadi seru-seru banget nih. Kira-kira film keempat alias film terakhir se keren apa ya? Sebelum kita lanjut bahas, yuk dengerin lagu yang satu ini dulu. Ini dia The Best Day dari Taylor Swift. Selamat mendengarkan"
train_70.wav, "Sobat Trisma. [Lirik] I'm five years old [Lirik] It's getting cold [Lirik] I've got my big coat on [Lirik] I hear your laugh [Lirik] And look up smiling at you [Lirik] I run and run"
train_71.wav, "[Lirik] Past the pumpkin patch [Lirik] And the tractor rides [Lirik] Look now, the sky is gold [Lirik] I hug your legs [Lirik] And fall asleep on the way home [Lirik] I don't know why all the trees change in the fall ooh [Lirik] But I know you're not scared of anything at all"
train_72.wav, "ooh [Lirik] Don't know if Snow White's house is near or far away [Lirik] But I know I had the best day with you today [Lirik] I'm thirteen now [Lirik] And don't know how [Lirik] My friends could be so mean [Lirik] I come home" 
train_73.wav, "crying [Lirik] And you hold me tight [Lirik] And grab the keys [Lirik] And we drive and drive [Lirik] Until we found a town far enough away [Lirik] And we talk and window shop [Lirik] 'Till I forgotten all their names [Lirik] I don't know who I'm gonna talk to now at school ooh"
train_74.wav, "[Lirik] But I know I'm laughing [Lirik] On the car ride home with you ooh [Lirik] Don't know how long it's gonna take to feel okay [Lirik] But I know I had the best day with you today [Lirik] I have an excellent father [Lirik] His strength is making me stronger"
train_75.wav, "[Lirik] God smiles on my little brother [Lirik] Inside and out he's better than I am [Lirik] I grew up in a pretty house [Lirik] And I had space to run and I [Lirik] had the best days with you [Lirik] There is a video I found [Lirik] From back when I was three"
train_76.wav, "[Lirik] You set up a paint set in the kitchen [Lirik] And you're talking to me [Lirik] It's the age of princesses and pirate ships [Lirik] And the seven dwarfs [Lirik] And Daddy's smart [Lirik] And you're the prettiest lady in the whole wide world [Lirik] And now I know why the all the trees change in the fall"
train_77.wav, "[Lirik] I know you were on my side [Lirik] Even when I was wrong [Lirik] And I love you for giving me your eyes [Lirik] Staying back and watching me shine and [Lirik] I didn't know if you knew [Lirik] So I'm taking this chance to say [Lirik] That I had the best day with you today"
train_78.wav, "Voice of Trisma the best online radio in Bali, oke sobat trisma sekarang kita masuk ke film terakhir yang wajib banget dibahas kalau ngomngin sosok ibu yang ikonik bukan yang serem kayak film sebelum-sebelumnya ya tapi yang emosinya itu nusuknya halus dan dalam ya. Judulnya adalah Lady Bird, filmnya Greta Gerwig yang sampai menang best"
train_79.wav, "motion picture. Dan serius ya Sobat Trisma, begitu kamu nonton, kamu bakal ngerti kenapa film ini bisa menang. Karena ceritanya itu dekat banget sama kehidupan remaja beneran yang drama ia, yang ngeselin ia, yang bikin pengen peluk ibu tiba-tiba juga iya Sobat Trisma. Film ini ceritain tentang Christine atau yang maksa dipanggil Lady Bird, remaja cewek ya yang lagi-lagi"
train_80.wav, "mencoba nyari jati diri sambil tinggal di Sacramento. Hubungannya sama sang ibu yaitu Marion, aduh Sobat Trisma itu sih menurut Naina bukan cuma gak harmonis ya hubungan mereka, lebih kayak pertandingan final antara remaja keras kepala, versus ibu yang super protektif. Yang satu ngerasa gak pernah didukung, yang satu ngerasa anaknya terlalu ngelunjak. Pokoknya suasananya itu"
train_81.wav, "Relatable banget ya, bikin kita kesel tapi juga sayang. Lady Bird ini sekolahnya tuh di sekolah katolik. Punya sahabat namanya Julie yang super baik. Tapi begitu dia kenal sama cowok musisi misterius ala Indie gitu, namanya Kyle. yang diperanin sama Timo T. Calamet. Lady Bird ini mulai menjauh dari sahabatnya demi gabung ke geng anak populer. Klasik ya"
train_82.wav, "nyata banget nih Sobat Trisma. Sobat Trisma pasti pernah tuh, fase ngerasa kayaknya aku mau naik level deh di kehidupan sosial di sekolah. Tapi ujung-ujungnya malah kehilangan seseorang yang benar-benar peduli sama Sobat Trisma. Masalahnya itu makin ribet begitu si Marion, ibunya, tahu kalau Lady Bird ini daftar kuliah di luar kota tanpa izin. Marahnya itu bukan marah biasa lagi Sobat Trisma, tapi"
train_83.wav, "marah yang silent treatment, dingin banget. Yang tatapannya kayak bilang, Duh, nggak usah ngomong sama aku dulu deh. Dan dari sana lah hubungan mereka makin retak. Tapi yang bikin film ini kerasa banget tuh cara Gerwig nyusun ceritanya. segalanya natural, dialognya kayak ngomong biasa, spontan, gak sok-sokan, bahkan banyak adegan yang rasanya itu kayak kamu lagi nonton keluarga orang lain dari jauh. Gak ada pembukaan cerita"
train_84.wav, "yang rapi, langsung dilempar ke adegan yang berasa kayak cuplikan hidup. Ini lah Sobat Trisma, yang bikin Lady Bird itu bukan sekedar film remaja, tapi pengalaman remaja yang asli. Seorce Ronan sebagai Lady Bird itu bach, kaya beneran ngeliat anak SMA yang sok bebas ya temen-temen trisma sok ngerti hidup. Tapi ternyata rapuh banget. Emosinya naik turun persis masa puber. Sementara Laurie"
train_85.wav, "Metcalf yang jadi ibunya juga actingnya gila. Keras tapi penyayang, pedas tapi peduli, interaksi mereka itu bikin kamu pengen bilang ya ampun, ini aku sama ibu banget nih di rumah, belum lagi karakter lain kayak Julie yang polos. Ini kamu pengen bilang ya ampun, ini aku sama ibu banget nih di rumah, belum lagi karakter lain kayak Julie yang polos. ya Sobat Trisma? Apalagi cinematografi film ini"
train_86.wav, "lembut banget penuh warna-warna di awal ala 2000an yang nostaljik parah ya. Musiknya juga santai bukan yang dramatis banget tapi cukup bikin adegannya itu hidup. Makanya wajar aja kalau film ini menang banyak penghargaan. Golden Globe best picture, best actress sampai masuk nominasi oskar. Gerwig sebagai sutradara ini sukses deh, bikin cerita yang ringan tapi ngena banget. Bisa nonton"
train_87.wav, "sambil ketawa tapi tiba-tiba jeduk dan kepikiran orang tua ya, Sobat Trisma. Cocok banget deh buat kamu yang pengen nostalgia atau lagi ngerasain fase pengen banget cepet-cepet dewasa. Wah, dari empat film yang udah kita bahas tadi nih Sobat Trisma, Sobat Trisma paling suka yang mana? Jangan lupa ajak keluarga buat nonton bareng ya, mumpung masih weekend. Dan jangan lupa Sobat Trisma, Good Movie Always Make Life Better! Terima Kasih ya Sobat Trisma, sudah mendemani Naina, Voice of Trisma,"
train_88.wav, "the best online radio in Bali! Sampai jumpa lagi Sobat Trisma! [Lirik] She used to be my only enemy and never let me free [Lirik] Catching me in place"
train_89.wav, "that I knew I shouldn't be [Lirik] Every other day, I crossed the line, I didn't mean to be so bad [Lirik] I never thought you would become the friend I never had [Lirik] Back then, I didn't know why [Lirik] Why you were misunderstood [Lirik] So now, I see through your eyes [Lirik] All that you did"
train_90.wav, "was love [Lirik] Mama, I love you [Lirik] Mama, I care [Lirik] Mama, I love you [Lirik] Mama, my friend [Lirik] You're my friend"
train_91.wav, "[Lirik] I didn't want to hear it then, but I'm not ashamed to say it now [Lirik] Every little thing you said and did was right for me [Lirik] I had a lot of time to think about, about the way I used to be [Lirik] I never had a sense of my responsibility [Lirik] Back then, I didn't know why [Lirik] Why you were"
train_92.wav, "misunderstood [Lirik] So now, I see through your eyes [Lirik] All that you did was love [Lirik] Mama, I love you [Lirik] Mama, I care [Lirik] Mama, I love you [Lirik] Mama"
train_93.wav, "my friend [Lirik] You're my friend [Intro] Voice of Trisma the best online radio in Bali, Voice of Trisma the best online radio in Bali  Hai hai Sobat Trisma selamat sore, senang rasanya aku Nia bisa kembali hadir buat nemenin"
train_94.wav, "Sobat Trisma di edisi hari Sabtu tanggal 22 November 2025. Karena seperti biasa di program acara tanggal lagu barat Nia bakal putarin lagu-lagu barat yang pastinya bakal kita ulas tuntas. Dan tadi Sobat Trisma udah ditemani nih sama Naina di program acara All About Movie. dan sekarang waktunya Sobat Trisma relaxin pikiran barang nia nih, sambil dengerin lagu-lagu barat yang pastinya keren banget. Eits, tapi sebelum"
train_95.wav, "lanjut, nia mau nanya dulu gimana kabar Sobat Trisma hari ini? Di weekend kayak gini Sobat Trisma sibuk atau udah free nih? Nia doain, semoga Sobat Trisma selalu dalam keadaan bahagia dan selalu sehat ya. Oke Sobat Trisma, sama nih kayak program acara tanggal lagu barat sebelumnya, hari ini Nia bakal ngebahas lagu-lagu top 5 yang udah diputarin selama minggu ini. Wah, Sobat Trisma pasti udah gak sabar ya buat dengerin lagu-lagunya."
train_96.wav, "Oke deh Sobat Trisma, langsung aja Nia putarin lagu pertama hari ini di top 5 kita. Ini dia, premise dari Lovie. Happy Listen, Sobat Trisma! [Lirik] I made a promise [Lirik] To distance"
train_97.wav, "myself [Lirik] Took a flight, through aurora skies [Lirik] Honestly, I didn't think about [Lirik] How we didn't say goodbye [Lirik] Just, ""See you very soon"" goodbye [Lirik] Just, ""See"""
train_98.wav, "you very soon, goodbye [Lirik] Just, ""See you very soon""  [Lirik] So I didn't call you [Lirik] For 16 long days"
train_99.wav, "[Lirik] And I should get a cigarette [Lirik] For so much restraint [Lirik] No matter how long I resist temptation [Lirik] I will always lose [Lirik] It hurts to be something [Lirik] It's worse to"
train_100.wav, "be nothing [Lirik] With you [Lirik] I've done the math, there's no solution [Lirik] We'll never last [Lirik] Why can't I let go of this?"
train_101.wav, "[Lirik] So I broke my promise [Lirik] I called you last night [Lirik] I shouldn't have"
train_102.wav, "I wouldn't have [Lirik] If it weren't for the sight of a boy [Lirik] Who looked just like you [Lirik] Standing out on Melrose Avenue [Lirik] It hurts to be something [Lirik] It's worse to be nothing [Lirik] With you"
train_103.wav, "[Lirik] It hurts to be something [Lirik] It's worse to be nothing [Lirik] With you Voice of Trisma, the best online radio in Bali. Wah, sobat Trisma, barusan kita udah dengerin lagu yang dalam banget dan penuh emosi"
train_104.wav, "dan pastinya lembut. Dan sekarang, Nia bakal masuk ke pembahasan lagu di top 5 kita minggu ini. Ini dia lagu yang banyak disukai oleh anak muda, Promise dari Laufey. Lagu ini dirilis tanggal 14 Juni 2023. dan jadi bagian dari single yaitu Bewitched track yaitu Promise that From the Start dan lagu ini juga masuk di album kedua Laufey Sobat Trisma dan yang kerana lagi, lagu ini"
train_105.wav, "resmi dapat sertifikasi emas Ria pada 11 Maret 2025 ini tanda bahwa lagu ini benar-benar diterima dan didengarin secara global dan makna lagu ini sendiri itu dalam banget ya Sobat Trisma ya Lagu ini ngebahas tentang seseorang yang masih susah move on dari masa lalunya, terutama dari janji-janji manis yang pernah diucapin sama mantannya. Laufey ngegambarin perasaan orang yang masih pegang janji yang harusnya udah dia lepas"
train_106.wav, "waduh. Tapi hatinya ini belum siap sobat Trisma. Ada rasa masih nunggu, masih berharap, tapi dalam dirinya dia, dia tuh tahu kalau semua itu sebenarnya udah gak mungkin buat dikejar lagi. dan suaranya yang lembut banget bikin emosinya tuh tambah dapet Sobat Trisma sampai banyak nih pendengar bilang kalau lagu ini tuh berasa ngena banget di momen dimana kita tuh masih berusaha buat ngelepas seseor sampai banyak nih pendengar bilang kalau lagu ini tuh berasa ngena"
train_107.wav, "banget di momen dimana kita tuh masih berusaha buat ngelepas seseor sampai banyak nih pendengar bilang kalau lagu ini tuh berasa ngena banget di momen dimana kita tuh masih berusaha buat ngelepas seseor Sampai banyak nih pendengar bilang kalau lagu ini tuh berasa ngena banget di momen dimana kita tuh masih berusaha buat ngelepas seseor. Sampai banyak nih pendengar bilang kalau lagu ini tuh berasa ngena banget di momen dimana kita tuh masih berusaha buat ngelepas seseor. Sampai banyak nih pendengar bilang"
train_108.wav, "kalau lagu ini tuh berasa ngena banget di momen dimana kita tuh masih berusaha buat ngelepas seseor. Sampai banyak nih pendengar bilang kalau lagu ini tuh berasa ngena banget di momen dimana kita tuh masih berusaha buat ngelepas seseor Sampai banyak nih pendengar bilang kalau lagu ini tuh berasa ngena banget di momen dimana kita tuh masih berusaha buat ngelepas seseor Sampai banyak nih pendengar bilang kalau lagu ini tuh berasa ngena banget di momen dimana kita tuh masih berusaha buat ngelepas seseor"
train_109.wav, "Sampai banyak nih pendengar bilang kalau lagu ini tuh berasa ngena banget di momen dimana kita tuh masih berusaha buat ngelepas seseor. Sampai banyak nih pendengar bilang kalau lagu ini tuh berasa ngena banget di momen dimana kita tuh masih berusaha buat ngelepas seseor. Sampai banyak nih pendengar bilang kalau lagu ini tuh berasa ngena banget di momen dimana kita tuh masih berusaha buat ngelepas seseor. Sampai banyak nih, penengar bilang kalau lagu ini tuh berasa ngena banget di momen dimana kita tuh"
train_110.wav, "masih berusaha buat ngelepas se-se-ot. Sampai banyak nih, penengar bilang kalau lagu ini tuh berasa ngena banget di momen dimana kita tuh masih berusaha buat ngelepas se-se-ot. Sampai banyak nih, penengar bilang kalau lagu ini tuh berasa ngena banget di momen dimana kita tuh masih berusaha buat ngelepas se-se-ot. Sampai banyak nih, pendengar bilang kalau lagu ini tuh berasa ngena banget di momen dimana kita tuh masih berusaha buat ngelepas seseor. Sampai banyak nih, pendengar bilang kalau lagu ini tuh berasa"
train_111.wav, "ngena banget di momen dimana kita tuh masih berusaha buat ngelepas seseor. Sampai banyak nih, pendengar bilang kalau lagu ini tuh berasa ngena banget di momen dimana kita tuh masih berusaha buat ngelepas seseor. ngelepas sesekor, sampe banyak nih, pendengar bilang kalau lagu ini tuh berasa ngena banget di momen dimana kita tuh masih berusaha buat ngelepas sesekor. [Lirik] eyes are never closing [Lirik] Hearts are never broken [Lirik] And time's forever frozen still [Lirik] … So you can keep"
train_112.wav, "me [Lirik] Inside the pocket of your ripped jeans [Lirik] Holding me closer 'til our eyes meet [Lirik] You won't ever be alone, wait for me to come home [Lirik] … Loving can heal, loving can mend your soul [Lirik] And it's"
train_113.wav, "the only thing that I know, know [Lirik] I swear it will get easier [Lirik] Remember that with every piece of ya [Lirik] Hmm, and it's the only thing we take with us when we die [Lirik] … Hmm, we keep this love in this photograph"
train_114.wav, "[Lirik] We made these memories for ourselves [Lirik] Where our eyes are never closing [Lirik] Hearts were never broken [Lirik] And time's forever frozen, still [Lirik] … So you can keep me [Lirik] Inside the pocket of your ripped jeans [Lirik] Holding me closer 'til our eyes meet [Lirik] You won't ever be alone"
train_115.wav, "[Lirik] … And if you hurt me [Lirik] That's okay, baby, only words bleed [Lirik] Inside these pages, you just hold me [Lirik] And I won't ever let you go [Lirik] Wait for me come home [Lirik] Wait for me come home [Lirik] Wait for me come home"
train_116.wav, "[Lirik] Wait for me come home [Lirik] … Oh, you can fit me [Lirik] Inside the necklace you got when you were sixteen [Lirik] Next to your heartbeat where I should be [Lirik] Keep it deep within your soul [Lirik] … And if you hurt me [Lirik] Well, that's okay, baby"
train_117.wav, "only words bleed [Lirik] Inside these pages, you just hold me [Lirik] And I won't ever let you go [Lirik] … When I'm away, I will remember how you kissed me [Lirik] Under the lamppost back on Sixth street [Lirik] Hearing you whisper  Voice of Prisma, the best online radio in"
train_118.wav, "Bali Wah, sobat Trisma Sekarang kita masuk ke pembahasan lagu di top keempat kita minggu ini Dan di rutan ini, Nia punya lagu yang gak cuma indah di telinga, tapi juga dalam banget secara makna. ini dia ""Photograph"" dari Ed Sheeran. Lagu ini masuk ke dalam album studio kedua Ed Sheeran yang judulnya ""X"" atau ini dia ""Photograph"" dari Ed Sheeran. Lagu ini masuk ke dalam album studio kedua Ed Sheeran yang judulnya"
train_119.wav, ""X" atau ini dia "Photograph" dari Ed Sheeran. lagu ini masuk ke dalam album studio kedua Ed Sheeran yang judulnya X atau ini dia "Photograph" dari Ed Sheeran. lagu ini masuk ke dalam album studio kedua Ed Sheeran yang judulnya X atau ini dia "Photograph" dari Ed Sheeran. lagu ini masuk ke dalam album studio kedua Ed Sheeran yang judulnya X atau ini dia "Photograph" dari Ed Sheeran. Lagu ini masuk ke dalam album"
train_120.wav, "studio kedua Ed Sheeran yang judulnya X atau ini dia "Photograph" dari Ed Sheeran. Lagu ini masuk ke dalam album studio kedua Ed Sheeran yang judulnya X atau ini dia "Photograph" dari Ed Sheeran. Lagu ini masuk ke dalam album studio kedua Ed Sheeran yang judulnya X atau ini dia "Photograph" dari Ed Sheeran. Lagu ini masuk ke dalam album studio kedua Ed Sheeran yang judulnya X atau ini dia "Photograph" dari Ed Sheeran."
train_121.wav, "Lagu ini masuk ke dalam album studio kedua Ed Sheeran yang judulnya X atau ini dia "Photograph" dari Ed Sheeran. Lagu ini masuk ke dalam album studio kedua Ed Sheeran yang judulnya X atau ini dia "Photograph" dari Ed Sheeran. Lagu ini masuk ke dalam album studio kedua Ed Sheeran yang judulnya X atau ini dia "Photograph" dari Ed Sheeran. Lagu ini masuk ke dalam album studio kedua Ed Sheeran yang judulnya X atau ini dia"
train_122.wav, ""Photograph" dari Ed Sheeran. Lagu ini masuk ke dalam album studio kedua Ed Sheeran yang judulnya X atau ini dia "Photograph" dari Ed Sheeran. Lagu ini masuk ke dalam album studio kedua Ed Sheeran yang judulnya X atau ini dia "Photograph" dari Ed Sheeran. Lagu ini masuk ke dalam album studio kedua Ed Sheeran yang judulnya X atau ini dia "Photograph" dari Ed Sheeran. Lagu ini masuk ke dalam album studio kedua Ed Sheeran"
train_123.wav, "yang judulnya X atau ini dia "Photograph" dari Ed Sheeran. Lagu ini masuk ke dalam album studio kedua Ed Sheeran yang judulnya X atau ini dia "Photograph" dari Ed Sheeran. Lagu ini masuk ke dalam album studio kedua Ed Sheeran yang judulnya X atau ini dia "Photograph" dari Ed Sheeran. Lagu ini masuk ke dalam album studio kedua Ed Sheeran yang judulnya X atau ini dia "Photograph" dari Ed Sheeran. Lagu ini masuk ke"
train_124.wav, "dalam album studio kedua Ed Sheeran yang judulnya X atau ini dia "Photograph" dari Ed Sheeran. Lagu ini masuk ke dalam album studio kedua Ed Sheeran yang judulnya X atau. [Lirik] in a garden of roses [Lirik] And truly loves you long after our curtain closes [Lirik] But will you still truly loves you long after our curtain closes"
train_125.wav, "[Lirik] But will you still truly loves you long after our curtain closes [Lirik] But will you still truly loves you long after our curtain closes [Lirik] But will you still  [Lirik] 'Cause I am the one who's waited this long [Lirik] And I am the"
train_126.wav, "one that might get it wrong [Lirik] And I'll be the one that will love you the way I'm supposed [Lirik] And I'll be the one that will love you the way I'm supposed to Girl, oh [Lirik] But will you still"
train_127.wav, "love me when nobody wants me around, around? [Lirik] When I turn 81 and forget things, will you still be proud? [Lirik] Proud of me and my short list of accomplishments"
train_128.wav, "say [Lirik] And me and my lack of new news [Lirik] Me and my selfishness, oh, me and myself [Lirik] Wish you nothing but a happy new version of you [Lirik] Because I, I, mm-mm"
train_129.wav, "[Lirik] Mm, mm, mm, mm-mm, yeah [Lirik] I want you to tell me you find it hard to be yourself [Lirik] So I can say it's gonna be alright, yeah [Lirik] And I want you to love me the way you love your family [Lirik] The way you love to show me what it's"
train_130.wav, "like [Lirik] To be happy"
train_131.wav, ""
train_132.wav, "Voice of Trisma, the best online radio"
train_133.wav, "in Bali. Sobat Trisma, sekarang kita masuk di top ketiga kita minggu ini. Dan diurutan ini kita punya lagu yang lembut, penuh kehangatan, dan bikin hati terasa tenang banget. Dan jadi, sobat trisma, ada lagu Happiness dari Rex Orange County. Lagu Happiness ini dirilis pada 26 April 2017 lalu, dan jadi track penutup di album keduanya yang berjudul Apricot"
train_134.wav, "Princess. Dan sejak dirilis, lagu ini langsung banyak dicintai oleh pendengar di seluruh dunia karena melodinya yang lembut dan liriknya yang jujur banget. Dan di platform streaming, lagu ini udah didengar ratusan juta kali loh Sobat Trisma. Wah, dan pernah jadi viral di TikTok sebagai soundtrack video romantis yang bikin orang-orang tuh nganganin masa-masa indah. Wah, apakah sobat Trisma ada nih di salah satu video yang"
train_135.wav, "pake sound ini di TikTok? Wah, dia sih pengen banget ya. Oke, lanjut sobat. Nah, si Rex Orange County atau Alexander ini benar-benar sukses ngegambarin cinta yang tulus dan dewasa lewat liriknya. Secara garis besar, happiness cerita tentang perasaan cinta yang gak memaksa, gak mengikat, tapi mau menemani dan mencintai dalam segala keadaan. Yang menarik sobat Trisma, di balik judulnya yang terdengar ceria ya, justru"
train_136.wav, "terdapat rasa sedih dan kerentanan. Rex nunjukin ketakutan dalam hubungan, ketakutan akan kehilangan, dan pertanyaan mendalam kayak, ""Apa aku masih akan dicintai kalau suatu hari nanti aku nggak punya siapa-siapa?"" Ini tuh kerasa banget di lirik ikoniknya yang bunyinya, ""But will you still love me when nobody wants around me?"" Set baris ini jadi momen paling nyentuh di lagu ini, dan banyak pendengar yang ngerasa terwakilkan sama rasa takut itu, Sobat trisma."
train_137.wav, "Happiness bukan cuma lagu cinta biasa, tapi juga refleksi tentang ketulusan, keiklasan, dan komitmen dalam hubungan. Lagu ini mengingatkan kita kalau cinta gak harus sempurna, yang penting ada kemauan untuk tumbuh dan menjaga satu sama lain di setiap keadaan. itulah yang bikin lagu happiness ini terasa deket banget di hati banyak orang Sobat Trisma. Wah, dan itu dia ya pemahasan kita di lagu top ketiga minggu ini. Sekarang, nia bakal"
train_138.wav, "move ke top kedua kita minggu ini. So, take a listen to Bad by Wave to Earth. Happy listen sobat! [Lirik] I'm with you? [Lirik] You're the only one who makes me laugh [Lirik] So how can my day be bad? [Lirik] It's a day for you"
train_139.wav, "[Lirik] Lately, life's so boring [Lirik] I've been watching Netflix all day long [Lirik] I thought there would be [Lirik] No things left to watch [Lirik] So I let myself out"
train_140.wav, "[Lirik] When I went to the park [Lirik] I recognised you at a glance [Lirik] Face to face, we just smiled [Lirik] We already know that we'll be together (we'll be together)"
train_141.wav, "[Lirik] How could my day be bad when I'm with you? [Lirik] You're the only one who makes me laugh [Lirik] So how can my day be bad? [Lirik] It's a day for you, oh, babe [Lirik] Coffee"
train_142.wav, "in the morning, you and the sun [Lirik] There's a brown hue in your eyes [Lirik] How pretty it is, I think I'm in love, ooh"
train_143.wav, "[Lirik] When I went to the park [Lirik] I"
train_144.wav, "recognised you at a glance Voice of Trisma, the best online radio in Bali. Well, sobat Trisma, sekarang kita masuk ke posisi top kedua kita minggu ini. Dan diurutan ini kita punya lagu yang super viral dan jadi favorit anak muda di seluruh dunia. ini dia sobat trisma - Bad dari Waves to Earth. Lagu Bad ini dirilis pada April 2023 lalu"
train_145.wav, "sebagai bagian dari album debut mereka. Dan dalam waktu yang gak lama nih Sobat trisma ya, lagu ini langsung meledak di berbagai platform streaming. dan sampai sekarang, lagu Bad ini udah didenger lebih dari 230an juta kali di Spotify. Wah apakah Sobat Trisma salah satunya nih? Kayaknya salah satunya nih ada Nia da Sobat Trisma. Lagu ini tuh nunjukin seberapa besar gitu ya, pengaruh lagu ini di telingnya para pendengar. Dan secara makna, lagu"
train_146.wav, "ini ngomongin soal kebahagiaan, kerinduan dan keterikatan sama orang yang kita sayangin. Di liriknya, narator itu cerita kalau hari-hari buruknya tuh bisa berubah total jadi lebih baik cuma karena dia ada di samping orang yang dia cintai. Kehadiran orang itu tuh digambarin sebagai sesuatu yang bisa ngeubah mood, ngurangin capek, dan bikin hidup kerasa jauh lebih ringan. Intinya, dia itu kayak sumber nyamanku dan sumber tenagaku."
train_147.wav, "Wah, manis banget ya, Sobat trisma ya? nunjukin betapa besarnya pengaruh satu orang dalam hidup kita. Inilah yang bikin lagu ini tuh kena di hati banyak orang, terutama yang lagi jatuh cinta atau sedang ngerasain nyaman sama satu orang. Dan secara musik, Bad punya nuansa yang tenang, lembut, dan agak creamy, karena suasana vokalnya itu yang khas banget. oke Sobat Trisma, itu dia pembahasan di top kedua kita. Manis"
train_148.wav, "lembut, dan ngingetin kita kalau ada orang yang benar-benar bisa jadi rumah. Sekarang kita lanjut ke top pertama kita. Waduh, ini sih lagu yang lagi naik daun ya Sobat Trisma ya. Yup, itu dia Who Knows dari Dennis Chesar. Lagu ini adalah track ke-6 dari album terbaru Daniel yang judulnya Son of Spergy. Resmi didilis pada 24 Oktober lalu. Meski terbilang baru ya, lagu ini udah didengar lebih dari 14 juta kali"
train_149.wav, "di Spotify. Wow, dan secara makna ya sobat ya, lagu ini kebahas pergulatan batin dalam mencintai seseorang di tengah banyak ketidakpastian. Danny Shazer ngomongin ketakutan, rasa ragu dan insecure yang sering banget muncul dalam hubungan. Satu lirik yang paling ikonik dalam lagu ini itu yang bayangkan ""Maybe we get married one day, but who knows"" Lirik yang ngegambarin keinginan untuk masa depan yang indah, tapi rasa takut yang karena takut kalau itu gak akan terjadi"
train_150.wav, "sobat Trisma. Jadi antara ragu dan yakin. Di lagu ini, Daniel juga ceritain tentang rasa insiecure yang dalam, kayak dia merasa gak pantas dapat cinta seindah itu. Dia secara musik lagunya dibungkus dengan vibes R&B soul yang santai dan khas banget Dennis Cesar. Nah Sobat Trisma itu dia pembahasan lengkap buat lagu di posisi top keempat kita minggu ini. Udah dibahas berarti tinggal diputar aja ya Sobat Trisma ya. Tapi sebelum itu"
train_151.wav, "nia mau kucapin makasih banyak buat Sobat Trisma yang udah setia nemenin siarannya hari ini. Tapi jangan kemana-mana dulu karena abis ini bakal ada citra yang siap nemenin Sobat Trisma di program acara kilastrisma. So tetep stay tune dengerin voice of Trisma yaa! Oke sobat Trisma, kalau gitu langsung aja nia putarin lagu top pertama kita minggu ini. Ini dia, ""Voodooz"" by Danny Chesar. Voice of Trisma, the best online radio in Bali. Happy Listen Sobat!"
train_152.wav, "[Lirik] Lately, you've set up in my mind [Lirik] Yeah, girl, you, and I like that [Lirik] Lately, I've been thinking that perhaps I am a coward [Lirik] Hiding in a disguise of an"
train_153.wav, "ever-giving flower [Lirik] Incompetent steward of all of that sweet, sweet power [Lirik] Yesterday was feeling so good, now it's gone [Lirik] I'd feel like that always if I could"
train_154.wav, "is that wrong? [Lirik] Tell me 'bout the city you're from [Lirik] Is it hot? Does it snow there? [Lirik] Lately, I've been thinking 'bout my precarious future [Lirik] Will you"
train_155.wav, "be there with me by my side, my girl, my shooter? [Lirik] Who's to say who calculates? Not me, I'm no computer [Lirik] Is it a crime to be unsure? [Lirik] In time"
train_156.wav, "
train_157.wav, "
train_158.wav, "
train_159.wav, "
train_160.wav, "
train_161.wav, "
train_162.wav, "
train_163.wav, "
train_164.wav, "
train_165.wav, "
train_166.wav, "
train_167.wav, "
train_168.wav, "
train_169.wav, "
train_170.wav, "
train_171.wav, "
train_172.wav, "
train_173.wav, "
train_174.wav, "
train_175.wav, "
train_176.wav, "
train_177.wav, "
train_178.wav, "
train_179.wav, "
train_180.wav, "
train_181.wav, "
train_182.wav, "
train_183.wav, "
train_184.wav, "
train_185.wav, "
train_186.wav, "
train_187.wav, "
train_188.wav, "
train_189.wav, "
train_190.wav, "
train_191.wav, "
train_192.wav, "
train_193.wav, "
train_194.wav, "
train_195.wav, "
train_196.wav, "
train_197.wav, "
train_198.wav, "
train_199.wav, "
train_200.wav, "
train_201.wav, "
train_202.wav, "
train_203.wav, "
train_204.wav, "
train_205.wav, "
train_206.wav, "
train_207.wav, "
train_208.wav, "
train_209.wav, "
train_210.wav, "
train_211.wav, "
train_212.wav, "
train_213.wav, "
train_214.wav, "
train_215.wav, "
train_216.wav, "
train_217.wav, "
train_218.wav, "
train_219.wav, "
train_220.wav, "
train_221.wav, "
train_222.wav, "
train_223.wav, "
train_224.wav, "
train_225.wav, "
train_226.wav, "
train_227.wav, "
train_228.wav, "
train_229.wav, "
train_230.wav, "
train_231.wav, "
train_232.wav, "
train_233.wav, "
train_234.wav, "
train_235.wav, "
train_236.wav, "
train_237.wav, "
train_238.wav, "
train_239.wav, "
train_240.wav, "
train_241.wav, "
train_242.wav, "
train_243.wav, "
train_244.wav, "
train_245.wav, "
train_246.wav, "
train_247.wav, "
train_248.wav, "
train_249.wav, "
train_250.wav, "
train_251.wav, "
train_252.wav, "
train_253.wav, "
train_254.wav, " 