file,text 
train_16k.wav,"[Intro] Voice of Trisma the best
online radio in Bali Voice
of Trisma the best online
radio in Bali hai Sobat
Trisma balik lagi bersama aku
Naina di program paling ngetop
yang pastinya udah Sobat Trisma
nantikan juga selama seminggu apalagi
kalau bukan all about movie
gimana kabar Sobat Trisma hari
ini semoga lagi dalam mood
yang cerah tenang dan siap
diajak menyelam ke cerita-cerita yang hangat ya Sobat
Trisma apa lagi udah selesai
galungan kalau Sobat Trisma merayakan
galungan pastinya udah puas dong
ya makan-makanan olahan babi terus minggu
ini jujur kalau naina sih
sampai bosen ya Sobat Trisma
mau pagi mau siang sore
malem makanan Naina selama perayaan
suci ini sih sampai bosen
ya Sobat Trisma mau pagi
mau siang sore malem makanan
Naina selama perayaan suci ini
sih sampai bosen ya Sobat
Trisma mau pagi mau siang
sore malem makanan Naina selama
perayaan suci ini sih sampai
bosen ya Sobat Trisma mau
pagi mau siang sore malem
makanan Naina selama perayaan suci
ini sih sampai bosen ya
Sobat Trisma mau pagi mau
siang sore malem makanan Naina
selama perayaan suci ini sih
sampai bosen ya Sobat Trisma
mau pagi mau siang sore
malem makanan Naina selama perayaan
suci ini sih sampai bosen
ya Sobat Trisma mau pagi
mau siang sore malem makanan
Naina selama perayaan suci ini
sih sampai bosen ya Sobat
Trisma mau pagi mau siang
sore malem makanan Naina selama
perayaan suci ini ampe bosen
ya Sobat Trisma mau pagi
mau siang sore malem makanan
Naina selama perayaan suci ini
khas ibu dan lebih serunya
lagi kita gak cuma ngebahasa
satu film aja sobat trisma
gak dua juga tapi empat
film sekaligus empat film yang
bakal menunjukan gimana peran seorang
ibu itu beda beda di
setiap budaya tapi semuanya tetap
terikat oleh satu hal yaitu
cinta yang ga pernah ada
habisnya yang pertama ada film
dari indonesia yang hangatnya itu
langsung berasa kek pelukan ibu
sendiri ada juga film dari
luar negeri yang memberikan sudut
pandang baru yang lebih luas
lebih variatif tapi tetep bakalan
bikin hati kita meleleh dan
tugas kita sore ini sobat
trisma kita bakalan mencari tahu
kira-kira apa ya yang membedakan
cara film indonesia dan film
luar negeri dalam menggambarkan sosok
ibu kira-kira apasih yang ngebikin ibu
dalam film lokal itu kerasa
begidu begitu deket atau begitu
nyata dan kenapa ya kalau
film internasional itu bisa menampilkan
ibu dalam sisi yang kadang
gak kita lihat sehari-hari kita bakalan kupas semuanya
pelan pelan ya sobat trisma
sambil ngerasain lagi kepikiran momen-momen kecil bareng ibu yang
mungkin udah lama enggak kita
pikirin mulai dari ibu yang
rela lembur demi anaknya ibu
yang selalu nyiapin bekal pagi-pagi sampai ibu yang diam-diam selalu doa setiap kamu
ujian semuanya punya ceritanya sendiri
dan film-film ini bakalan jadi cara
yang indah buat menghargain itu
semua jadi sobat trisma siapin
posisi paling nyaman kamu mau
sambil rebahan boleh mau sambil
ngopi atau ngeteh boleh banget
ya Sobat Tisma  Atau mungkin
sambil nahan terharu ya, karena tiba-tiba keinget momen bareng ibu, ya gak apa-apa, itu wajar kok. Karena sore ini kita gak
bakalan cuma nonton lewat ceritanya, tapi juga merasakan lewat hati. Dan sebelum kita masuk ke
film pertama, Naina mau bikin suasananya lebih
lembut lagi deh. Kita puterin satu lagu yang
manis banget, yang bisa bikin kamu ingat
perjalanan kamu sama Ibu dari
kecil sampai sekarang, yang bikin hati kamu siap
untuk masuk ke pembahasan hari
ini. Oke Sobat Trisma, ini dia Sleeping Through My
Finger dari ABBA. Selamat mendengarkan. 
[Lirik] she leaves home in the
early morning 
[Lirik] Waving goodbye with an absent-minded smile 
[Lirik] I watch her go with
a surge of that well-known sadness 
[Lirik] And I have to sit
down for a while 
[Lirik] The feeling that I'm losing her forever 
[Lirik] And without really entering her
world 
[Lirik] I'm glad whenever I can
share her laughter 
[Lirik] That funny little girl 
[Lirik] Slipping through my fingers all
the time 
[Lirik] I try to capture every
minute 
[Lirik] The feeling in it 
[Lirik] Slipping through my fingers all
the time 
[Lirik] Do I really see what's in her mind 
[Lirik] Each time I think I'm close to knowing 
[Lirik] She keeps on growing 
[Lirik] Slipping through my fingers all
the time 
[Lirik] Sleep in our eyes, her and me at the
breakfast table 
[Lirik] Barely awake, I let precious time go
by 
[Lirik] Then when she's gone, there's that odd melancholy feeling

[Lirik] And a sense of guilt
I can't deny 
[Lirik] What happened to the wonderful
adventures 
[Lirik] The places I had planned
for us to go 
[Lirik] (Slipping through my fingers all
the time) 
[Lirik] Well, some of that we did
but most we didn't 
[Lirik] And why, I just don't know 
[Lirik] Slipping through my fingers all
the time 
[Lirik] I try to capture every
minute 
[Lirik] The feeling in it 
[Lirik] Slipping through my fingers all
the time 
[Lirik] Do I really see what's in her mind 
[Lirik] Each time I think I'm close to knowing 
[Lirik] She keeps on growing 
[Lirik] Slipping through my fingers all
the time 
[Lirik] Sometimes I wish that I
could freeze the picture 
[Lirik] And save it from the
funny tricks of time 
[Lirik] Slipping through my fingers 
[Lirik] Slipping through my fingers all
the time 
[Lirik] she leaves home in the
early morning 
[Lirik] Waving goodbye with an absent-minded smile 
[Lirik] I watch her go with
a surge of that well-known sadness 
[Lirik] And I have to sit
down for a while 
[Lirik] The feeling that I'm losing her forever 
[Lirik] And without really entering her
world 
[Lirik] I'm glad whenever I can
share her laughter 
[Lirik] That funny little girl 
[Lirik] Slipping through my fingers all
the time 
[Lirik] I try to capture every
minute 
[Lirik] The feeling in it 
[Lirik] Slipping through my fingers all
the time 
[Lirik] Do I really see what's in her mind 
[Lirik] Each time I think I'm close to knowing 
[Lirik] She keeps on growing 
[Lirik] Slipping through my fingers all
the time 
[Lirik] Sleep in our eyes, her and me at the
breakfast table 
[Lirik] Barely awake, I let precious time go
by 
[Lirik] Then when she's gone, there's that odd melancholy feeling

[Lirik] And a sense of guilt
I can't deny 
[Lirik] What happened to the wonderful
adventures 
[Lirik] The places I had planned
for us to go 
[Lirik] (Slipping through my fingers all
the time) 
[Lirik] Well, some of that we did
but most we didn't 
[Lirik] And why, I just don't know 
[Lirik] Slipping through my fingers all
the time 
[Lirik] I try to capture every
minute 
[Lirik] The feeling in it 
[Lirik] Slipping through my fingers all
the time 
[Lirik] Do I really see what's in her mind 
[Lirik] Each time I think I'm close to knowing 
[Lirik] She keeps on growing 
[Lirik] Slipping through my fingers all
the time 
[Lirik] Sometimes I wish that I
could freeze the picture 
[Lirik] And save it from the
funny tricks of time 
[Lirik] Slipping through my fingers 
[Lirik] Slipping through my fingers all
the time 
[Lirik] Schoolbag in hand she leaves
home in the early morning

[Lirik] Waving goodbye with an absent-minded smile Oke Sobat Trisma
balik lagi bareng Naina di
All About Movie. Tadi kita udah pemanasan sama
lagu pembuka  dan sekarang siap-siap ya Sobat Trisma karena
film pertama kita sore ini
tuh beda banget ya dari
biasanya. Kalau biasanya Naina mengawali film
dengan yang cute, fun atau yang penuh warna, kali ini Nayna membuat opening
film yang agak kelam dan
lumayan nusuk ya kehubungan Ibu
dan Anak. Sobat Trisma pasti udah gak
asing dong sama legenda yang
dari kecil mungkin udah sering
diceritain sama orang tua. Yang kita itu bakalan berubah
jadi batu Sobat Trisma. Kira-kira apa tuh? Yap bener banget Malin Kundang
Sobat Trisma. Legenda klasik yang selalu dipake
buat ngingetin kita biar jangan
durhaka sama ibu. Tapi bayangin dong sobat Trisma, kalau cerita ini kita bikin
ulang dengan suasana yang jauh
lebih gelap, yang psikologis dan penuh misteri. Nah, itulah yang coba dibawa sama
film legenda kelam Malin Kundang. Film ini itu versi modern
yang bakalan bikin kita mikir
ulang. Sebenernya, apa sih yang terjadi dibalik
cerita Malin Kundang? Dia ini kan diproduksi sama
Come and See Pictures. Dan film ini tuh bukan
sekedar nunjukin anak yang durhaka
terus kena kutukan. Ini lebih dari itu Sobat
Trisma. Filmnya itu bakal ngebongkar luka
masa lalu, trauma keluarga, dan identitas diri yang bikin
kita mikir panjang. Sobat, jujur aja, ini sih bukan thriller yang
mengandalkan loncatan jumpscare gitu ya. Tapi ini tipe film yang
bikin kamu itu gak nyaman
karena terlalu real dan emosinya
itu bakal dapet banget Sobat
Trisma. Tokoh utamanya aja, Alif yang diperanin sama Rio
Dewanto, dia itu seniman yang baru
pulih dari kecelakaan sampai-sampai, dia itu sebagian memori nya
hilang Sobat Trisma. Akhirnya dia dijemput sama istrinya
yang namanya Nadine dan anak
mereka Emir buat balik ke
rumah. Harusnya suasananya tenang aja dong
ya. Tapi tiba-tiba Nadine ini bilang kalau
Ibu Alif bakalan dateng dari
kampung. Masalahnya Alif ini gak inget
siapa ibunya. Bahkan wajahnya pun asing sobat
Trisma. Dan makin dia ketemu, langsung makin kuat gitu instingnya
Alif kalau perempuan itu bukan
ibunya dia. Dan dari sini alurnya itu
meluncur jadi kesurupan yang mengandung
kecerigaan gitu Sobat Trisma. Dan juga trauma masa lalu. Apalagi juga ada rahasia yang
bikin penonton itu bakalan ikut
kebingungan bareng si Alif. Wah Sobat Trisma kebayang gak
sih? Udah duduk di bioskop, nonton Alif yang  hilang arah, terus kamu ikut-ikutan kayak, 'Eh, beneran nggak sih? Itu ibunya?' Langsung mind blow dong ya
satu studio. Film ini juga diperanin sama
aktor-aktor jagoan kayak Rio Dewanto
sebagai Alif, Faradina sebagai Nadine, Jordan Omar sebagai Emir, Fonny Anggaranyi, dan Nova Eliza. Dan katanya ya Sobat Trisma, mereka itu sampai latihan micro-expression biar emosinya itu dapat
banget. Jadi bukan sekedar yang teriak-teriak aja ya, tapi tatapan mata, senyum kecil, gerakan tangan, semua itu jadi petunjuk penting. Makanya Sobat Trisma, kalau nonton nanti jangan banyak
ngedip ya Sobat Trisma, takutnya kelewat detail-detail pentingnya. Yang ngebikin makin keren, film ini diarahkan sama dua
sutradara baru, Kevin Raharjo dan Rafki Hidayat
dengan Joko Anwar sebagai produser
sekaligus penulis naskah bareng sama
Elin Jayakusuma dan Rafki. Jadi tone filmnya ini bakalan
berasa rapat, penuh tekanan dan pastinya gelap
ya ala-ala Joko Anwar, khasnya Joko Anwar banget tapi
tetap fresh dengan sentuhan sutradara
yang baru. Film ini sudah diperkenalkan ke
publik di konferensi Pers 19
Mei 2025 kemarin dan rencananya
bakalan rilis akhir tahun 2025. Jadi masih ada waktu buat
Sobat Trisma siap-siap mental dulu nih sebelum
menonton versi paling kelam dari
legenda yang selama ini kita
tahu. Dan kalau kita flashback dikit
ya Sobat Trisma ke legenda
aslinya, cerita Malin Kundang itu kan
sebenarnya tentang anak yang lupa
daratan. Udah sombong dan akhirnya dia
kena kutukan karena menyakiti ibunya. Pesannya sih simpel aja ya, asal usul dan orang tua
itu nggak boleh dilupakan. Nah, kalau versi film yang ini, bikin pesannya itu lebih dalam
lagi sobat Trisma, dan lebih relevan ya dengan
jaman sekarang, dan juga makin dekat sama
kehidupan anak muda yang kadang
merasa jauh dari keluarga. Kebayang ya sobat Trisma, dari legenda yang biasanya cuma
kita dengar waktu kecil, tiba-tiba dibikin jadi genre thriller
psikologis yang bikin kamu mempertanyakan
hubungan keluarga, pengorbanan, dan memori. Ya ini bukan film yang
cuma buat sekedar di tonton
aja ya Sobat Trisma tapi
buat dirasakan maknanya jadi sobat
trisma siap gak nonotn film
yang bukan cuma bikin merinding
tapi juga bikin mikir ulang
tentang hubungan kita sama Ibu. Karena percaya deh, habis nonton ini kamu mungkin
bakalan pulang ke rumah terus
langsung peluk ibu kamu sendiri
ya. Oke, itu dia film pembuka kita
yang super kelam tapi super
bermakna. Habis ini masih ada 3
film Korea yang bakalan Naina
bahas buat nemenin sore kamu. Jadi jangan kemana-mana dulu ya, Sabat Trisma. Dan sebelum lanjut, kita break dulu buat dengerin
lagu yang pas banget buat
suasana reflektif dan menyentuh hati. Ini dia, ""We Hug Now"" dari Sydney Rose. Selamat mendengarkan, Sabat Trisma. 
[Lirik] You don't see stars here, they're just city lights 
[Lirik] I think back to where
you live and how you
can see the entire sky

[Lirik] It's occasional, sometimes I'll see the moon 
[Lirik] And I'll think of you 
[Lirik] My mom will convince me, and I'll get the courage to
ask 
[Lirik] We will get coffee in
Canton and you'll nervously laugh 
[Lirik] When we hug, 'cause we don't hug, we never used to do
that 
[Lirik] We don't do that 
[Lirik] Sometimes I go to sleep

[Lirik] And I'm still 17 
[Lirik] You still live down my
street 
[Lirik] You're not mad at me

[Lirik] And in that dream, I will say everything I
wanted 
[Lirik] That every day after May, I haven't found what I needed

[Lirik] No one has come close
to you 
[Lirik] And I don't think anyone will 
[Lirik] Sometimes I go to sleep

[Lirik] And I'm still 17 
[Lirik] You still live down my
street 
[Lirik] You're not mad at me

[Lirik] I have a feeling you
got everything you wanted 
[Lirik] And you're not wasting time stuck
here like me 
[Lirik] You're just thinkin' it's a small thing that
happened 
[Lirik] The world ended when it
happened to me 
[Lirik] I have a feeling you
got everything you wanted 
[Lirik] And you're not wasting time stuck
here like me 
[Lirik] You're just thinkin' it's a small thing that
happened 
[Lirik] The world ended when it
happened to me 
[Lirik] When it happened to me, when it happened to me

[Lirik] I have a feeling you
got everything you wanted 
[Lirik] And you're not wasting time stuck
here like me 
[Lirik] You're just thinkin' it's a small thing that
happened 
[Lirik] The world ended when it
happened to me Voice of
Trisma the best online radio
in Bali, Gimana nih perasaan sobat trisma
setelah mendengar lagu dari Sydney
Rose tadi, I know I know sobat
trisma lagu pilihan Naina emang
bagus bagus semua ya. Yes, terima kasih. Naina nggak bermaksud bikin Sobat
Risma sedih kok dengan lagu
yang tadi. Justru Naina mau bikin Sobat
Risma makin sadar dengan pentingnya
sosok ibu di hidup kita. Kita nggak pernah tahu ya
apa yang sudah beliau lalui
di dunia untuk memberikan kehidupan
kita yang sekarang. Pas banget nih sama film
kedua tentang sosok ibu dari
perspektif lain dari seorang anak.  Jujur ya Sobat Trisma, ini salah satu film tentang
sosok ibu yang paling ngena
menurut Naina. Paling membekas dan paling duduk
manis tapi nusuk pelan-pelan yang Indonesia punya tahun
ini. Judulnya adalah Pangku. Kalau tadi kita dibawa ke
suasana thriller yang gelap dan
penuh trauma ya lewat film
pertama, sekarang kita turun pelan-pelan ke kehidupan nyata yang
lebih mentah, lebih manusiawi, lebih apa adanya. Pangku adalah debut penyutradaraan film
panjang dari Reza Rahadianloh sobat
trisma. Yes, Reza yang biasanya kita lihat
sebagai aktor top, kali ini dia duduk di
banku sutradara dan ngebuktikan kalau
bakatnya itu ternyata nggak ada
batasnya ya sobat trisma.  dan yang bikin makin keren
film ini diangkat dari kisah
nyata kehidupan perempuan-perempuan pantura yang mungkin selama
ini jarang ya kita bicara
kan.  Nah filmnya ini ngikutin perjalanan
Sartika yang diperanin sama Claresta
Tauvan, seorang ibu muda yang hidupnya
itu penuh luka sobat trisma.  dan dia penuh jatuh bangun
dan dia ini lagi berjuang
buat bangkit setelah pindah ke
kawasan Pesisir Utara Jawa.  Sartika ini ketemu sosok ibu
baru namanya Bu Maya yang
diperanin sama Christine Hakim. Bu Maya ini pemilik warung
kopi yang jadi tempat dia
berteduh dari kerasnya dunia. Dan disini sobat, Sartika mulai bekerja sebagai gadis
kopi pangku. ekerjaan yang sering dipandang sinis
ya, sering disalahpahami. Tapi buat Sartika, ini cara dia bertahan hidup.  dia ngasih makan anaknya dan
cara dia tetap berdiri meski
dunia seakan gak berpihak. Film ini tuh gak pernah
mencoba menghakimi ya sobat Trisma, tenang aja.  Reza sebagai sutradara itu justru
menunjukkan kalau di balik pekerjaan
yang sering jadi stigma, ada manusia yang lagi berusaha
untuk tetap hidup. Dan itu tentunya terasa banget
di film ini. Di tengah hidup yang berat
itu, hadir lah sosok Hadi yang
diperanin sama Fedy Nuril, supir truk ikan yang hangat
banget deh orangnya. Tipe orang baik yang muncul
pelan-pelan dan bikin Sartika ini
bisa percaya lagi kalau dia
layak dicintai. Tapi ya sobat trisma, jangan dulu deh kebayang roman
sama Anis ala drama Korea
ya. Hubungan mereka sih sederhana aja, jujur dan lebih ke pertemuan
dua orang yang lagi sama-sama capek sama hidup. Sementara itu ya anak Sartika
yang namanya Bayu dia ya
tumbuh dengan penolakan, rasa malu, dan kebingungan tentang pekerjaan ibunya. Sampai akhirnya dia ini kenal
sama yang namanya Gilang yang
diperanin sama Devano Danendra. Anak yatim yang justru ngajarin
dia soal ketulusan dan kuatnya
hidup dari kalangan bawah. Yang bikin film ini tambah
punya warna ya Sobat Trisma. Pangku ini mengambil latar tahun
1998. Dan kamu itu bakal ngeliat
detailnya yang super teliti. Dari plot nomor truk, uang jaman dulu, kostumnya sampai jajanan warung kopi. Reza ini niat banget ya, buat nunjukin dunia pantura apa
adanya. Yang keras, berdebu, sederhana tapi agak sedikit hangat. Claresta Tauvan ya pastinya tampil
luar biasa ya sobat trisma
dari adegan dia itu hamil
tua sampai jadi ibu yang
harus menahan harga diri sambil
tetep tersenyum semuanya dia mainkan
dalam kedalaman emosi yang ngebikin
kita keseret masuk keseret masuk
ke hidup Sartika. Belum lagi ya, Christine Hakim yang, Aduh deh Sebat Trisma, tiap dia muncul itu rasanya
kita kayak ditampar sama nasihat
hidup.  Film ini juga punya plot
twist yang lumayan lah di
bagian akhir sobat Trisma. Bukan yang ""wah gila"", tapi lebih ke plot twist
halus yang bikin kamu itu
ngerasa ""ohh pantes"". Dan itu ya cukup buat
bikin kamu merenung lagi tentang
keputusan para karakternya. Dan yang bikin bangga ya
Sobat Trisma, pangku ini sudah sukses sampai
ke Wusan International Film Festival
2025. Dan bahkan dapat penghargaan di
sana. Reza Rahadian ini sampai bilang, kalau kemenangan itu bukan cuma
buat dia, tapi buat seluruh sinema Indonesia. Keren banget gak sih? Ya, ini sih bukan film yang
banyak dialog ya Sobat Trisma, lebih menurut Naina banyak banget
adegan heningnya. Ada tatapan yang panjang, suara ombak, dan detail kecil di warung
kopi pangku. Tapi justru itulah kekuatannya, filmnya itu ngomong lewat visual
dan emosi, bukan drama berlebihan aja. Dan jangan salah ya Sobat
Risma, rating dari redaksi 9/10. Wow, menurut naina itu layak banget
ya, karena pangku ini adalah film
tentang perempuan yang bertahan. Tentang ibu yang mencintai tanpa
syarat dan tentang manusia yang
tetap perjalan meskipun hidup berkali-kali menjatuhkan. Sobat Trisma, kalau kamu lagi butuh film
yang bikin kamu merasa lebih
dekat sama ibu kamu, inilah filmnya. Dan sebelum kita lanjut ke
film ketiga, kita break dulu sebentar buat
masuk ke suasana yang lebih
adem. Lagu selanjutnya bakal nemenin kamu
buat merenung sejenak. Ini dia Not a Lot, Just Forever dari Adrianne Lenker. Selamat mendengarkan. 
[Lirik] Through your eyes I see

[Lirik] A smile you bring to
me 
[Lirik] To your joy, I tether 
[Lirik] Not a lot, just forever 
[Lirik] Intertwined, sewn together 
[Lirik] Like the rock bears the
weather 
[Lirik] Not a lot, just forever 
[Lirik] My dog barks wildly 
[Lirik] To protect my infancy 
[Lirik] From my ex-believer 
[Lirik] And I try to calm
the wolf 
[Lirik] To remind her I am
both 
[Lirik] Still she tears at my
sweater 
[Lirik] Not a lot, just forever 
[Lirik] Intertwined, sewn together 
[Lirik] As the wren sheds her
feather 
[Lirik] Not a lot, just forever 
[Lirik] And your dearest fantasy 
[Lirik] Is to grow a baby
in me 
[Lirik] I could be a good
mother 
[Lirik] And I wanna be your
wife 
[Lirik] So I hold you to
my knife 
[Lirik] And I steal your letter

[Lirik] Not a lot, just forever 
[Lirik] Intertwine some together 
[Lirik] As the rock bears the
weather 
[Lirik] Not a lot, just forever 
[Lirik] So I bash around the
house 
[Lirik] And the poison stains my
mouth 
[Lirik] She comes, I let her 
[Lirik] And we share a paradise

[Lirik] And I roll them once
or twice 
[Lirik] Can't get much better 
[Lirik] Not a lot, just forever 
[Lirik] Intertwined, sewn together 
[Lirik] As the rock bears the
weather 
[Lirik] Not a lot, just forever 
[Lirik] Not a lot, just forever 
[Lirik] Intertwined, sewn together 
[Lirik] As the wren bares her
feathers 
[Lirik] Not a lot, just forever Voice of Trisma
the best online radio in
Bali, hai sobat trisma yuk kita
lanjut ke film ketiga, dan sumpah ya, film yang satu ini sih
menurut Naina kayak manis di
luar, tapi begitu kamu gigit, pahitnya itu nembus sampai keubun-ubun, sobat Trisma. Judulnya adalah Mother's Instinct, thriller psikologis yang halusnya kayak
satin, tapi nusuknya itu kayak jarum
yang baru di asah ya. Ini bukan film yang bakal
kamu tonton sambil scroll TikTok, Sobat Trisma. Menurut Naina, begitu filmnya itu mulai, otomatis ya, hapenya itu harus langsung ditaruh. Karena atmosfer 1960-annya itu cakep banget Sobat
Risma. Udah rapi, anggun, warnanya itu pastel-pastel, dan ada aura. Ini kok kayaknya bakal ada
yang salah ya, yang nyelinap pelan banget sampai
kamu sadar kalau kamu udah
kejebak di dalam dunianya. Di film ini kita bakalan
ketemu dua aktris Oscar yang
kayaknya kalau cuma saling lirik
aja udah bisa masuk nominasi
ya. Ada Anne Hathaway sebagai Celine
dan Jessica Castain sebagai Alice. Dari luar ya Sobat Trisma, mereka itu contoh sempurna tetangga
ideal. Rumahnya rapi, outfitnya selalu on point, senyumnya ramah kayak mau ngajak
minum teh sore-sore, tapi semua itu hancur total
ya Sobat Trisma begitu tragedi
itu datang. Anaknya selin, jatuh dari balkon, dan langsung meninggal. Dan dari situ filmnya ini
langsung berubah Sobat Trisma, gak adalah gitu yang namanya
pastel-pastel, yang tadinya halus dan manis, tiba-tiba auranya langsung jadi dingin, menekan, dan bikin kamu ngerasa kayak
ada sesuatu yang ngawasin ya
dari balik tira ini. Alice dan Celine ini awalnya
sahabatan banget, sahabat Trisma. Kayak duo ibu-ibu ya yang oke yang
ngurus anak bareng, yang goals banget lah. Saling numpang cerita dan selalu
hadir buat satu sama lain. Tapi setelah Max ini meninggal, Celine itu berubah jadi orang
yang gak bisa kita kenali
lagi.  Dia ini kehilangan satu-satunya anaknya dia. Dan karena dia ini cuma
bisa hamil sekali, Max itu literal pusat hidupnya, Sobat Trisma. Begitu Max nggak ada, Celine kayak patah setengah jiwanya. Lalu dari rasa kosong itu
muncul sesuatu yang gelap alias
obsesi. Obsesinya dia itu mengarah ke
Theo, anaknya si Alice. Dari sini, rumah yang tadinya penuh tawa
ya, berubah jadi arena perang yang
hening banget. Yang satu makin kacau, yang satu makin curiga, dan penontonnya cuma bisa duduk
gemes sambil bilang, ""Ih, ini kenapa sih? Kok makin gak beres ya?"" Tapi Sobat Trisma, ini bukan drama ibu-ibu biasa ya, ini tuh thriller yang bakalan
bikin kamu ngerasain gimana kasih
sayang itu bisa berubah jadi
monster. Selin ini cuma pengen menggantikan
anaknya. Dan Alice, dia cuma pengen melindungi keluarganya. Nggak ada yang salah, sobat Trisma. Tapi emosi dua ibu ini
nyangkut saling silang kayak kabel
korslet ya. Suami-suami mereka itu pun kebawa
ke dalam pusaran yang makin
lama, makin berbahaya. Sampai akhirnya, semuanya itu memuncak ke titik
tergelapnya. Selini ini, ngebunuh Alice dan suaminya melalui
manipulasi yang benar-benar seram ya menurut Naina. Dan pastinya terencana banget. Terus plot twist paling pedihnya, polisi ya nggak curiga sama
sekali. Karena ini tahun 96-an, Sobat Trisma, gitu aja. ""Bikin kamu jadi pengen teriak
gitu loh, hello! Polisi, ada yang aneh gak sih?"" Dan bagian yang paling nusuk, yang bikin mungkin darah Sobat
Risma kayak diremas ya, Selin ini akhirnya mengadopsi si
Teo Sobat Trisma, anak dari sahabatnya yang dia
habisi. Wah ini parah sih, akhir filmnya itu pun tenang-tenang aja, terlalu tenang bahkan. mereka main di pantai ke
ibu dan anak yang bahagia
seolah dunia gak tahu apapun
yang terjadi sebelumnya. Yang satu udah kehilangan kewarasan, yang satu kehilangan orang tuanya. Tapi semuanya itu dibungkus rapi, manis dalam satu frame. Makanya film ini bisa melegenda
sobat Trisma. acting dua aktrisnya ini bagus
banget. Setahunnya indah banget buat jadi
latar tragedi dan vibe thrillernya
itu tipe yang gak meledak-ledak ya yang banyak jumpscarenya. Tapi dia itu menusuknya pelan-pelan, lama banget. Kayak bayangan yang ngikutin kamu
pulang. Endingnya sederhana tapi bakalan nempel
banget di kepala sampai bikin
kamu mikir, ""ya ampun, ini tuh bentukah si ibu
yang kalau kebabasan bisa berubah
jadi ancaman ya?"" Kalau dua film sebelumnya bikin
Sobat Trisma terharu, film yang ini bakal bikin
kamu mikir ulang tentang kasih
sayang yang terlalu besar. Keren sekali gue serem ya
Sobat Trisma. Film yang udah kita bahas
dari tadi seru-seru banget nih. Kira-kira film keempat alias film
terakhir se keren apa ya? Sebelum kita lanjut bahas, yuk dengerin lagu yang satu
ini dulu. Ini dia The Best Day
dari Taylor Swift. Selamat mendengarkan, Sobat Trisma. 
[Lirik] I'm five years old 
[Lirik] It's getting cold 
[Lirik] I've got my big coat
on 
[Lirik] I hear your laugh 
[Lirik] And look up smiling at
you 
[Lirik] I run and run 
[Lirik] Past the pumpkin patch 
[Lirik] And the tractor rides 
[Lirik] Look now, the sky is gold 
[Lirik] I hug your legs 
[Lirik] And fall asleep on the
way home 
[Lirik] I don't know why all the
trees change in the fall
ooh 
[Lirik] But I know you're not scared of anything
at all ooh 
[Lirik] Don't know if Snow White's house is near or
far away 
[Lirik] But I know I had
the best day with you
today 
[Lirik] I'm thirteen now 
[Lirik] And don't know how 
[Lirik] My friends could be so
mean 
[Lirik] I come home crying 
[Lirik] And you hold me tight

[Lirik] And grab the keys 
[Lirik] And we drive and drive

[Lirik] Until we found a town
far enough away 
[Lirik] And we talk and window
shop 
[Lirik] 'Till I forgotten all their
names 
[Lirik] I don't know who I'm gonna talk to now
at school ooh 
[Lirik] But I know I'm laughing 
[Lirik] On the car ride home
with you ooh 
[Lirik] Don't know how long it's gonna take to feel
okay 
[Lirik] But I know I had
the best day with you
today 
[Lirik] I have an excellent father

[Lirik] His strength is making me
stronger 
[Lirik] God smiles on my little
brother 
[Lirik] Inside and out he's better than I am

[Lirik] I grew up in a
pretty house 
[Lirik] And I had space to
run and I 
[Lirik] had the best days with
you 
[Lirik] There is a video I
found 
[Lirik] From back when I was
three 
[Lirik] You set up a paint
set in the kitchen 
[Lirik] And you're talking to me 
[Lirik] It's the age of princesses
and pirate ships 
[Lirik] And the seven dwarfs 
[Lirik] And Daddy's smart 
[Lirik] And you're the prettiest lady in
the whole wide world 
[Lirik] And now I know why
the all the trees change
in the fall 
[Lirik] I know you were on
my side 
[Lirik] Even when I was wrong

[Lirik] And I love you for
giving me your eyes 
[Lirik] Staying back and watching me
shine and 
[Lirik] I didn't know if you knew

[Lirik] So I'm taking this chance to
say 
[Lirik] That I had the best
day with you today Voice
of Trisma the best online
radio in Bali, oke sobat trisma sekarang kita
masuk ke film terakhir yang
wajib banget dibahas kalau ngomngin
sosok ibu yang ikonik bukan
yang serem kayak film sebelum-sebelumnya ya tapi yang emosinya
itu nusuknya halus dan dalam
ya. Judulnya adalah Lady Bird, filmnya Greta Gerwig yang sampai
menang best motion picture. Dan serius ya Sobat Trisma, begitu kamu nonton, kamu bakal ngerti kenapa film
ini bisa menang. Karena ceritanya itu dekat banget
sama kehidupan remaja beneran yang
drama ia, yang ngeselin ia, yang bikin pengen peluk ibu
tiba-tiba  juga iya Sobat Trisma. Film ini ceritain tentang Christine
atau yang maksa dipanggil Lady
Bird, remaja cewek ya yang lagi-lagi mencoba nyari jati diri
sambil tinggal di Sacramento. Hubungannya sama sang ibu yaitu
Marion, aduh Sobat Trisma itu sih
menurut Naina bukan cuma gak
harmonis ya hubungan mereka, lebih kayak pertandingan final antara
remaja keras kepala,  versus ibu yang super protektif.  Yang satu ngerasa gak pernah
didukung,  yang satu ngerasa anaknya terlalu
ngelunjak.  Pokoknya suasananya itu relatable banget
ya,  bikin kita kesel tapi juga
sayang.  Lady Bird ini sekolahnya tuh
di sekolah katolik.  Punya sahabat namanya Julie yang
super baik.  Tapi begitu dia kenal sama
cowok musisi misterius ala Indie
gitu, namanya Kyle.  yang diperanin sama Timo T. Calamet.  Lady Bird ini mulai menjauh
dari sahabatnya demi gabung ke
geng anak populer.  Klasik ya, nyata banget nih Sobat Trisma.  Sobat Trisma pasti pernah tuh, fase ngerasa kayaknya aku mau
naik level deh di kehidupan
sosial di sekolah.  Tapi ujung-ujungnya malah kehilangan seseorang yang
benar-benar peduli sama Sobat Trisma.  Masalahnya itu makin ribet begitu
si Marion, ibunya, tahu kalau Lady Bird ini
daftar kuliah di luar kota
tanpa izin.  Marahnya itu bukan marah biasa
lagi Sobat Trisma, tapi marah yang silent treatment, dingin banget.  Yang tatapannya kayak bilang, ""Duh, nggak usah ngomong sama aku
dulu deh.""  Dan dari sana lah hubungan
mereka makin retak. Tapi yang bikin film ini
kerasa banget tuh cara Gerwig
nyusun ceritanya.  segalanya natural, dialognya kayak ngomong biasa, spontan, gak sok-sokan, bahkan banyak adegan yang rasanya
itu kayak kamu lagi nonton
keluarga orang lain dari jauh.  Gak ada pembukaan cerita yang
rapi, langsung dilempar ke adegan yang
berasa kayak cuplikan hidup.  Ini lah sobat Trisma, yang bikin Lady Bird itu
bukan sekedar film remaja, tapi pengalaman remaja yang asli.  Seorce Ronan sebagai Lady Bird
itu bach, kaya beneran ngeliat anak SMA
yang sok bebas ya temen-temen trisma sok ngerti hidup. Tapi ternyata rapuh banget. Emosinya naik turun persis masa
puber. Sementara Laurie Metcalf yang jadi
ibunya juga actingnya gila.  Keras tapi penyayang, pedas tapi peduli, interaksi mereka itu bikin kamu
pengen bilang ""ya ampun, ini aku sama ibu banget
nih di rumah, belum lagi karakter lain kayak
Julie yang polos.""  ""Ini kamu pengen bilang ya
ampun, ini aku sama ibu banget
nih di rumah, belum lagi karakter lain kayak
Julie yang polos.""  ya sobat Trisma? Apalagi cinematografi film ini lembut
banget penuh warna-warna di awal ala 2000an
yang nostaljik parah ya. Musiknya juga santai bukan yang
dramatis banget tapi cukup bikin
adegannya itu hidup. Makanya wajar aja kalau film
ini menang banyak penghargaan. Golden Globe best picture, best actress sampai masuk nominasi
oskar. Gerwig sebagai sutradara ini sukses
deh, bikin cerita yang ringan tapi
ngena banget.  Bisa nonton sambil ketawa tapi
tiba-tiba jeduk dan kepikiran orang
tua ya, Sobat Trisma.  Cocok banget deh buat kamu
yang pengen nostalgia atau lagi
ngerasain fase pengen banget cepet-cepet dewasa.  Wah, dari empat film yang udah
kita bahas tadi nih Sobat
Risma, Sobat Trisma paling suka yang
mana?  Jangan lupa ajak keluarga buat
nonton bareng ya, mumpung masih weekend.  Dan jangan lupa Sobat Trisma, Good Movie Always Make Life
Better!  Terima Kasih ya Sobat Trisma, sudah mendemani Naina, Voice of Trisma, the best online radio in
Bali!  Sampai jumpa lagi Sobat Trisma!  
[Lirik] She used to be my
only enemy and never let
me free 
[Lirik] Catching me in places that
I knew I shouldn't be 
[Lirik] Every other day, I crossed the line, I didn't mean to be so
bad 
[Lirik] I never thought you would
become the friend I never
had 
[Lirik] Back then, I didn't know why 
[Lirik] Why you were misunderstood 
[Lirik] So now, I see through your eyes

[Lirik] All that you did was
love 
[Lirik] Mama, I love you 
[Lirik] Mama, I care 
[Lirik] Mama, I love you 
[Lirik] Mama, my friend 
[Lirik] You're my friend 
[Lirik] I didn't want to hear it
then, but I'm not ashamed to say
it now 
[Lirik] Every little thing you said
and did was right for
me 
[Lirik] I had a lot of
time to think about, about the way I used
to be 
[Lirik] I never had a sense
of my responsibility 
[Lirik] Back then, I didn't know why 
[Lirik] Why you were misunderstood 
[Lirik] So now, I see through your eyes

[Lirik] All that you did was
love 
[Lirik] Mama, I love you 
[Lirik] Mama, I care 
[Lirik] Mama, I love you 
[Lirik] Mama, my friend 
[Lirik] You're my friend [Intro] Voice of Trisma the best
online radio in Bali, Voice of Trisma the best
online radio in Bali  Hai
hai Sobat Trisma selamat sore, senang rasanya aku Nia bisa
kembali hadir buat namanya Sobat
Trisma di edisi hari Sabtu
tanggal 22 November 2025.  Karena seperti biasa di program
acara tanggal lagu barat Nia
bakal putarin lagu-lagu barat yang pastinya bakal
kita ulas tuntas.  Dan tadi Sobat Trisma udah
ditemani nih sama Naina di
program acara All About Movie.  dan sekarang waktunya Sobat Trisma
relaxin pikiran barang nia nih, sambil dengerin lagu-lagu barat yang pastinya keren
banget.  Eits, tapi sebelum lanjut, nia mau nanya dulu gimana
kabar Sobat Trisma hari ini?  Di weekend kayak gini Sobat
Trisma sibuk atau udah free
nih?  Nia doain, semoga Sobat Trisma selalu dalam
keadaan bahagia dan selalu sehat
ya.  Oke sobat Trisma, sama nih kayak program acara
tanggal lagu barat sebelumnya, hari ini Nia bakal ngebahas
lagu-lagu top 5 yang udah
diputarin selama minggu ini.  Wah, sobat Trisma pasti udah gak
sabar ya buat dengerin lagu-lagunya.  Oke deh sobat Trisma, langsung aja Nia putarin lagu
pertama hari ini di top
5 kita.  Ini dia, premise dari Lovie. Happy Listen, sobat Trisma!  
[Lirik] I made a promise 
[Lirik] To distance myself 
[Lirik] Took a flight, through aurora skies 
[Lirik] Honestly, I didn't think about 
[Lirik] How we didn't say goodbye 
[Lirik] Just, ""See you very soon"" goodbye 
[Lirik] Just, ""See you very soon"" goodbye 
[Lirik] Just, ""See you very soon""  
[Lirik] So I didn't call you 
[Lirik] For 16 long days 
[Lirik] And I should get a
cigarette 
[Lirik] For so much restraint 
[Lirik] No matter how long I
resist temptation 
[Lirik] I will always lose 
[Lirik] It hurts to be something

[Lirik] It's worse to be nothing

[Lirik] With you 
[Lirik] I've done the math, there's no solution 
[Lirik] We'll never last 
[Lirik] Why can't I let go of
this? 
[Lirik] So I broke my promise

[Lirik] I called you last night

[Lirik] I shouldn't have, I wouldn't have 
[Lirik] If it weren't for the sight of
a boy 
[Lirik] Who looked just like you

[Lirik] Standing out on Melrose Avenue

[Lirik] It hurts to be something

[Lirik] It's worse to be nothing

[Lirik] With you 
[Lirik] It hurts to be something

[Lirik] It's worse to be nothing

[Lirik] With you  Voice of Trisma, the best online radio in
Bali.  Wah, sobat Trisma, barusan kita udah dengerin lagu
yang dalam banget dan penuh
emosi dan pastinya lembut.  Dan sekarang, Nia bakal masuk ke pembahasan
lagu di top 5 kita
minggu ini.  Ini dia lagu yang banyak
disukai oleh anak muda, Promise dari Laufey.  Lagu ini dirilis tanggal 14
Juni 2023.  dan jadi bagian dari single
yaitu Bewitched track yaitu Promise
that From the Start  dan
lagu ini juga masuk di
album kedua Laufey Sobat Trisma
dan yang kerana lagi, lagu ini resmi dapat sertifikasi
emas Ria pada 11 Maret
2025  ini tanda bahwa lagu
ini benar-benar diterima dan didengarin secara
global  dan makna lagu ini
sendiri itu dalam banget ya
Sobat Trisma ya  Lagu ini
ngebahas tentang seseorang yang masih
susah move on dari masa
lalunya, terutama dari janji-janji manis yang pernah diucapin
sama mantannya.  Laufey ngegambarin perasaan orang yang
masih pegang janji yang harusnya
udah dia lepas, waduh.  Tapi hatinya ini belum siap
sobat Trisma.  Ada rasa masih nunggu, masih berharap, tapi dalam dirinya dia, dia tuh tahu kalau semua
itu sebenarnya udah gak mungkin
buat dikejar lagi.  dan suaranya yang lembut banget
bikin emosinya tuh tambah dapet
sobat Trisma  sampai banyak nih
pendengar bilang kalau lagu ini
tuh berasa ngena banget di
momen dimana kita tuh masih
berusaha buat ngelepas seseor  sampai
banyak nih pendengar bilang kalau
lagu ini tuh berasa ngena
banget di momen dimana kita
tuh masih berusaha buat ngelepas
seseor  sampai banyak nih pendengar
bilang kalau lagu ini tuh
berasa ngena banget di momen
dimana kita tuh masih berusaha
buat ngelepas seseor  Sampai banyak
nih pendengar bilang kalau lagu
ini tuh berasa ngena banget
di momen dimana kita tuh
masih berusaha buat ngelepas seseor.  Sampai banyak nih pendengar bilang
kalau lagu ini tuh berasa
ngena banget di momen dimana
kita tuh masih berusaha buat
ngelepas seseor.  Sampai banyak nih pendengar bilang
kalau lagu ini tuh berasa
ngena banget di momen dimana
kita tuh masih berusaha buat
ngelepas seseor.  Sampai banyak nih pendengar bilang
kalau lagu ini tuh berasa
ngena banget di momen dimana
kita tuh masih berusaha buat
ngelepas seseor  Sampai banyak nih
pendengar bilang kalau lagu ini
tuh berasa ngena banget di
momen dimana kita tuh masih
berusaha buat ngelepas seseor  Sampai
banyak nih pendengar bilang kalau
lagu ini tuh berasa ngena
banget di momen dimana kita
tuh masih berusaha buat ngelepas
seseor  Sampai banyak nih pendengar
bilang kalau lagu ini tuh
berasa ngena banget di momen
dimana kita tuh masih berusaha
buat ngelepas seseor.  Sampai banyak nih pendengar bilang
kalau lagu ini tuh berasa
ngena banget di momen dimana
kita tuh masih berusaha buat
ngelepas seseor.  Sampai banyak nih pendengar bilang
kalau lagu ini tuh berasa
ngena banget di momen dimana
kita tuh masih berusaha buat
ngelepas seseor.  Sampai banyak nih, penengar bilang kalau lagu ini
tuh berasa ngena banget di
momen dimana kita tuh masih
berusaha buat ngelepas se-se-ot.  Sampai banyak nih, penengar bilang kalau lagu ini
tuh berasa ngena banget di
momen dimana kita tuh masih
berusaha buat ngelepas se-se-ot.  Sampai banyak nih, penengar bilang kalau lagu ini
tuh berasa ngena banget di
momen dimana kita tuh masih
berusaha buat ngelepas se-se-ot.  Sampai banyak nih, pendengar bilang kalau lagu ini
tuh berasa ngena banget di
momen dimana kita tuh masih
berusaha buat ngelepas seseor.  Sampai banyak nih, pendengar bilang kalau lagu ini
tuh berasa ngena banget di
momen dimana kita tuh masih
berusaha buat ngelepas seseor.  Sampai banyak nih, pendengar bilang kalau lagu ini
tuh berasa ngena banget di
momen dimana kita tuh masih
berusaha buat ngelepas seseor.  ngelepas sesekor, sampe banyak nih, pendengar bilang kalau lagu ini
tuh berasa ngena banget di
momen dimana kita tuh masih
berusaha buat ngelepas sesekor. 
[Lirik] eyes are never closing 
[Lirik] Hearts are never broken 
[Lirik] And time's forever frozen still 
[Lirik] … So you can keep me

[Lirik] Inside the pocket of your
ripped jeans 
[Lirik] Holding me closer 'til our eyes meet 
[Lirik] You won't ever be alone, wait for me to come
home 
[Lirik] … Loving can heal, loving can mend your soul

[Lirik] And it's the only thing that
I know, know 
[Lirik] I swear it will get
easier 
[Lirik] Remember that with every piece
of ya 
[Lirik] Hmm, and it's the only thing we
take with us when we
die 
[Lirik] … Hmm, we keep this love in
this photograph 
[Lirik] We made these memories for
ourselves 
[Lirik] Where our eyes are never
closing 
[Lirik] Hearts were never broken 
[Lirik] And time's forever frozen, still 
[Lirik] … So you can keep me

[Lirik] Inside the pocket of your
ripped jeans 
[Lirik] Holding me closer 'til our eyes meet 
[Lirik] You won't ever be alone 
[Lirik] … And if you hurt me

[Lirik] That's okay, baby, only words bleed 
[Lirik] Inside these pages, you just hold me 
[Lirik] And I won't ever let you go

[Lirik] Wait for me to come
home 
[Lirik] Wait for me to come
home 
[Lirik] Wait for me to come
home 
[Lirik] Wait for me to come
home 
[Lirik] … Oh, you can fit me 
[Lirik] Inside the necklace you got
when you were sixteen 
[Lirik] Next to your heartbeat where
I should be 
[Lirik] Keep it deep within your
soul 
[Lirik] … And if you hurt me

[Lirik] Well, that's okay, baby, only words bleed 
[Lirik] Inside these pages, you just hold me 
[Lirik] And I won't ever let you go

[Lirik] … When I'm away, I will remember how you
kissed me 
[Lirik] Under the lamppost back on
Sixth street 
[Lirik] Hearing you whisper  Voice of
Prisma, the best online radio in
Bali  Wah, sobat Trisma  Sekarang kita masuk
ke pembahasan lagu di top
keempat kita minggu ini  Dan
di rutan ini, Nia punya lagu yang gak
cuma indah di telinga, tapi juga dalam banget secara
makna.  ini dia ""Photograph"" dari Ed Sheeran.  Lagu ini masuk ke dalam
album studio kedua Ed Sheeran
yang judulnya ""X"" atau ini dia ""Photograph"" dari Ed Sheeran.  Lagu ini masuk ke dalam
album studio kedua Ed Sheeran
yang judulnya ""X"" atau ini dia ""Photograph"" dari Ed Sheeran.  lagu ini masuk ke dalam
album studio kedua Ed Sheeran
yang judulnya X atau ini
dia ""Photograph"" dari Ed Sheeran.  lagu ini masuk ke dalam
album studio kedua Ed Sheeran
yang judulnya X atau ini
dia ""Photograph"" dari Ed Sheeran.  lagu ini masuk ke dalam
album studio kedua Ed Sheeran
yang judulnya X atau ini
dia ""Photograph"" dari Ed Sheeran.  Ed Sheeran. Lagu ini masuk ke dalam
album studio kedua Ed Sheeran
yang judulnya X atau ini
dia ""Photograph"" dari Ed Sheeran.  Lagu ini masuk ke dalam
album studio kedua Ed Sheeran
yang judulnya X atau ini
dia ""Photograph"" dari Ed Sheeran.  Lagu ini masuk ke dalam
album studio kedua Ed Sheeran
yang judulnya X atau ini
dia ""Photograph"" dari Ed Sheeran.  Lagu ini masuk ke dalam
album studio kedua Ed Sheeran
yang judulnya X atau ini
dia ""Photograph"" dari Ed Sheeran.  Lagu ini masuk ke dalam
album studio kedua Ed Sheeran
yang judulnya X atau ini
dia ""Photograph"" dari Ed Sheeran.  Lagu ini masuk ke dalam
album studio kedua Ed Sheeran
yang judulnya X atau ini
dia ""Photograph"" dari Ed Sheeran.  Lagu ini masuk ke dalam
album studio kedua Ed Sheeran
yang judulnya X atau ini
dia ""Photograph"" dari Ed Sheeran.  Lagu ini masuk ke dalam
album studio kedua Ed Sheeran
yang judulnya X atau ini
dia ""Photograph"" dari Ed Sheeran.  Lagu ini masuk ke dalam
album studio kedua Ed Sheeran
yang judulnya X atau ini
dia ""Photograph"" dari Ed Sheeran.  Lagu ini masuk ke dalam
album studio kedua Ed Sheeran
yang judulnya X atau ini
dia ""Photograph"" dari Ed Sheeran.  Lagu ini masuk ke dalam
album studio kedua Ed Sheeran
yang judulnya X atau ini
dia ""Photograph"" dari Ed Sheeran.  Lagu ini masuk ke dalam
album studio kedua Ed Sheeran
yang judulnya X atau ini
dia ""Photograph"" dari Ed Sheeran.  Lagu ini masuk ke dalam
album studio kedua Ed Sheeran
yang judulnya X atau ini
dia ""Photograph"" dari Ed Sheeran.  Lagu ini masuk ke dalam
album studio kedua Ed Sheeran
yang judulnya X atau ini
dia ""Photograph"" dari Ed Sheeran.  Lagu ini masuk ke dalam
album studio kedua Ed Sheeran
yang judulnya X atau ini
dia ""Photograph"" dari Ed Sheeran.  Lagu ini masuk ke dalam
album studio kedua Ed Sheeran
yang judulnya X atau ini
dia ""Photograph"" dari Ed Sheeran.  Lagu ini masuk ke dalam
album studio kedua Ed Sheeran
yang judulnya X atau ini
dia ""Photograph"" dari Ed Sheeran.  Lagu ini masuk ke dalam
album studio kedua Ed Sheeran
yang judulnya X atau. 
[Lirik] in a garden of roses

[Lirik] And truly loves you long
after our curtain closes 
[Lirik] But will you still truly
loves you long after our
curtain closes 
[Lirik] But will you still truly
loves you long after our
curtain closes 
[Lirik] But will you still truly
loves you long after our
curtain closes 
[Lirik] But will you still  
[Lirik] 'Cause I am the one
who's waited this long 
[Lirik] And I am the one
that might get it wrong

[Lirik] And I'll be the one that
will love you the way
I'm supposed 
[Lirik] And I'll be the one that
will love you the way
I'm supposed to Girl, oh 
[Lirik] But will you still love
me when nobody wants me
around, around? 
[Lirik] When I turn 81 and
forget things, will you still be proud? 
[Lirik] Proud of me and my
short list of accomplishments, say 
[Lirik] And me and my lack
of new news 
[Lirik] Me and my selfishness, oh, me and myself 
[Lirik] Wish you nothing but a
happy new version of you

[Lirik] Because I, I, mm-mm 
[Lirik] Mm, mm, mm, mm-mm, yeah 
[Lirik] I want you to tell
me you find it hard
to be yourself 
[Lirik] So I can say it's gonna be alright, yeah 
[Lirik] And I want you to
love me the way you
love your family 
[Lirik] The way you love to
show me what it's like 
[Lirik] To be happy  Voice of
Trisma, the best online radio in
Bali.  Sobat Trisma, sekarang kita masuk di top
ketiga kita minggu ini.  Dan diurutan ini kita punya
lagu yang lembut, penuh kehangatan, dan bikin hati terasa tenang
banget.  Dan jadi, sobat trisma, ada lagu Happiness dari Rex
Orange County.  Lagu Happiness ini dirilis pada
26 April 2017 lalu, dan jadi track penutup di
album keduanya yang berjudul Apricot
Princess.  Dan sejak dirilis, lagu ini langsung banyak dicintai
oleh pendengar di seluruh dunia
karena melodinya yang lembut dan
liriknya yang jujur banget.  Dan di platform streaming, lagu ini udah didengar ratusan
juta kali loh Sobat Trisma.  Wah, dan pernah jadi viral di
TikTok sebagai soundtrack video romantis
yang bikin orang-orang tuh nganganin masa-masa indah.  Wah, apakah sobat Trisma ada nih
di salah satu video yang
pake sound ini di TikTok?  Wah, dia sih pengen banget ya.  Oke, lanjut sobat.  Nah, si Rex Orange County atau
Alexander ini benar-benar sukses ngegambarin cinta yang
tulus dan dewasa lewat liriknya.  Secara garis besar, happiness cerita tentang perasaan cinta
yang gak memaksa, gak mengikat, tapi mau menemani dan mencintai
dalam segala keadaan.  Yang menarik sobat Trisma, di balik judulnya yang terdengar
ceria ya, justru terdapat rasa sedih dan
kerentanan.  Rex nunjukin ketakutan dalam hubungan, ketakutan akan kehilangan, dan pertanyaan mendalam kayak, ""Apa aku masih akan dicintai
kalau suatu hari nanti aku
nggak punya siapa-siapa?""  Ini tuh kerasa banget di
lirik ikoniknya yang bunyinya, ""But will you still love
me when nobody wants around
me?""  Set baris ini jadi momen
paling nyentuh di lagu ini, dan banyak pendengar yang ngerasa
terwakilkan sama rasa takut itu, Sobat trisma.  Happiness bukan cuma lagu cinta
biasa, tapi juga refleksi tentang ketulusan, keiklasan, dan komitmen dalam hubungan.  Lagu ini mengingatkan kita kalau
cinta gak harus sempurna, yang penting ada kemauan untuk
tumbuh dan menjaga satu sama
lain di setiap keadaan.  itulah yang bikin lagu happiness
ini terasa deket banget di
hati banyak orang Sobat Trisma.  Wah, dan itu dia ya pemahasan
kita di lagu top ketiga
minggu ini.  Sekarang, nia bakal move ke top
kedua kita minggu ini.  So, take a listen to Bad
by Wave to Earth. Happy listen sobat! 
[Lirik] I'm with you? 
[Lirik] You're the only one who
makes me laugh 
[Lirik] So how can my day
be bad? 
[Lirik] It's a day for you

[Lirik] Lately, life's so boring 
[Lirik] I've been watching Netflix all
day long 
[Lirik] I thought there would be

[Lirik] No things left to watch

[Lirik] So I let myself out

[Lirik] When I went to the
park 
[Lirik] I recognised you at a
glance 
[Lirik] Face to face, we just smiled 
[Lirik] We already know that we'll be together (we'll be together) 
[Lirik] How could my day be
bad when I'm with you? 
[Lirik] You're the only one who
makes me laugh 
[Lirik] So how can my day
be bad? 
[Lirik] It's a day for you, oh, babe 
[Lirik] Coffee in the morning, you and the sun 
[Lirik] There's a brown hue in
your eyes 
[Lirik] How pretty it is, I think I'm in love, ooh 
[Lirik] When I went to the
park 
[Lirik] I recognised you at a
glance  Voice of Trisma, the best online radio in
Bali.  Well, sobat Trisma, sekarang kita masuk ke posisi
top kedua kita minggu ini.  Dan diurutan ini kita punya
lagu yang super viral dan
jadi favorit anak muda di
seluruh dunia.  ini dia sobat trisma - Bad dari Waves to Earth.  Lagu Bad ini dirilis pada
April 2023 lalu sebagai bagian
dari album debut mereka.  Dan dalam waktu yang gak
lama nih Sobat trisma ya, lagu ini langsung meledak di
berbagai platform streaming.  dan sampai sekarang, lagu Bad ini udah didenger
lebih dari 230an juta kali
di Spotify.  Wah apakah Sobat Trisma salah
satunya nih?  Kayaknya salah satunya nih ada
Nia da Sobat Trisma.  Lagu ini tuh nunjukin seberapa
besar gitu ya, pengaruh lagu ini di telingnya
para pendengar.  Dan secara makna, lagu ini ngomongin soal kebahagiaan, kerinduan dan keterikatan sama orang
yang kita sayangin.  Di liriknya, narator itu cerita kalau hari-hari buruknya tuh bisa berubah
total jadi lebih baik cuma
karena dia ada di samping
orang yang dia cintai.  Kehadiran orang itu tuh digambarin
sebagai sesuatu yang bisa ngeubah
mood, ngurangin capek, dan bikin hidup kerasa jauh
lebih ringan.  Intinya, dia itu kayak sumber nyamanku
dan sumber tenagaku.  Wah, manis banget ya, Sobat trisma ya?  nunjukin betapa besarnya pengaruh satu
orang dalam hidup kita.  Inilah yang bikin lagu ini
tuh kena di hati banyak
orang,  terutama yang lagi jatuh cinta
atau sedang ngerasain nyaman sama
satu orang.  Dan secara musik, Bad punya nuansa yang tenang, lembut, dan agak creamy,  karena suasana vokalnya itu yang
has banget.  oke sobat Trisma, itu dia pembahasan di top
kedua kita.  Manis, lembut, dan ngingetin kita kalau ada
orang yang benar-benar bisa jadi rumah.  Sekarang kita lanjut ke top
pertama kita.  Waduh, ini sih lagu yang lagi
naik daun ya sobat Trisma
ya.  Yup, itu dia Who Knows dari
Dennis Chesar.  Lagu ini adalah track ke-6 dari album terbaru Daniel
yang judulnya Son of Spergy.  Resmi didilis pada 24 Oktober
lalu. Meski terbilang baru ya, lagu ini udah didengar lebih
dari 14 juta kali di
Spotify.  Wow, dan secara makna ya sobat
ya, lagu ini kebahas pergulatan batin
dalam mencintai seseorang di tengah
banyak ketidakpastian.  Danny Shazer ngomongin ketakutan, rasa ragu dan insecure yang
sering banget muncul dalam hubungan.  Satu lirik yang paling ikonik
dalam lagu ini itu yang
bayangkan ""Maybe we get married one
day, but who knows""  Lirik yang ngegambarin keinginan untuk
masa depan yang indah, tapi rasa takut yang karena
takut kalau itu gak akan
terjadi sobat Trisma. Jadi antara ragu dan yakin.  Di lagu ini, Daniel juga ceritain tentang rasa
insiecure yang dalam, kayak dia merasa gak pantas
dapat cinta seindah itu.  Dia secara musik lagunya dibungkus
dengan vibes R&B soul yang santai dan
khas banget Dennis Cesar.  Nah Sobat Trisma itu dia
pembahasan lengkap buat lagu di
posisi top keempat kita minggu
ini.  Udah dibahas berarti tinggal diputar
aja ya Sobat Trisma ya.  Tapi sebelum itu nia mau
kucapin makasih banyak buat Sobat
Risma yang udah setia nemenin
siarannya hari ini.  Tapi jangan kemana-mana dulu karena abis ini
bakal ada citra yang siap
nemenin Sobat Trisma di program
acara kilastrisma.  So tetep stay tune dengerin
voice of Trisma yaa!  Oke sobat Trisma, kalau gitu langsung aja niaputarin
lagu top pertama kita minggu
ini.  Ini dia, ""Voodooz"" by Danny Chesar.  Voice of Trisma, the best online radio in
Bali.  Happy Listen Sobat! 
[Lirik] Lately, you've set up in my
mind 
[Lirik] Yeah, girl, you, and I like that  
[Lirik] Lately, I've been thinking that perhaps
I am a coward 
[Lirik] Hiding in a disguise of
an ever-giving flower 
[Lirik] Incompetent steward of all of
that sweet, sweet power  
[Lirik] Yesterday was feeling so good, now it's gone 
[Lirik] I'd feel like that always
if I could, is that wrong? 
[Lirik] Tell me 'bout the city you're from 
[Lirik] Is it hot? Does it snow there?  
[Lirik] Lately, I've been thinking 'bout my precarious future 
[Lirik] Will you be there with
me by my side, my girl, my shooter? 
[Lirik] Who's to say who calculates? Not me, I'm no computer  
[Lirik] Is it a crime to
be unsure? 
[Lirik] In time, we'll find if it's sustainable 
[Lirik] You're pure, you're kind, mature, divine 
[Lirik] You might be too good
for me, unattainable  
[Lirik] Maybe we get married one
day, but who knows? 
[Lirik] Think I'll take that thought to
the grave, but who knows? 
[Lirik] I know that I'll love you always 
[Lirik] Yeah, girl, you, and I like that [Intro] Voice of Trisma, the best online radio in
Bali. 
[Lirik] How could my day be
bad when I'm with you? 
[Lirik] You're the only one who
makes me laugh 
[Lirik] So how can my day
be bad? 
[Lirik] It's a day for you

[Lirik] Lately, life's so boring 
[Lirik] I've been watching Netflix all
day long 
[Lirik] I thought there would be

[Lirik] No things left to watch

[Lirik] So I let myself out

[Lirik] When I went to the
park 
[Lirik] I recognised you at a
glance 
[Lirik] Face to face, we just smiled 
[Lirik] We already know that we'll be together (we'll be together) 
[Lirik] How could my day be
bad when I'm with you? 
[Lirik] You're the only one who
makes me laugh 
[Lirik] So how can my day
[Intro] Voice of Trisma, the best online radio in
Bali.  Voice of Trisma, the best online radio in
Bali.  Halo-halo, hai Sobat Trisma.  Kembali lagi bareng sama aku
Citra di program Gak lain
gak bukan adalah Kilas Trisma.  Setelah seminggu update kehidupan Sobat
Trisma, gimana nih setelah liburan galungan
dan kuningan?  Baik-baik saja kan? Semoga sejauh ini masih bahagia
dan sehat ya Sobat Trisma.  Oh iya kira-kira Sobat Trisma kepo enggak
sih sama yang bakal citra
ceritain hari ini? Soalnya sekarang lagi liburan ya
jadi Sobat Trisma pasti kepo
banget sama kegiatan liburan terutama
buat di Trisma. Apakah Trisma benar-benar liburan atau enggak ya
Sobat Trisma? Tapi sebelum citra cerita, citra sekarang mau ceritain ke
Sobat Trisma berita pertamanya kita.  Jadi yang pertama itu adalah
latihan dari Ekstrakulikuler Theater Trisma, yang ini Theater 3.  Mereka aktif latihan di setelah-setelah liburan gini ya, karena dalam jangka waktu yang
kurang lebih sebulanan aja,  Theater 3 bakal melaksanakan malam
kreativitas anak muda 3 atau
yang paling dikenal oleh orang-orang yaitu Makramat.  Untuk pentasnya bakal dilaksakan di
tanggal 4 Januari 2026, nanti di Dharma Negara Alaya
Sobat Trisma.  Walaupun bagi Citra itu masih
lama ya sebulan lagi Sobat
Trisma, tapi bagi mereka waktu itu
berjalan cepat banget secepat cahaya
Sobat Trisma.  Makanya mereka itu sudah mulai
latihan sejak berjauh-jauh hari.  Dari info yang Citra dapat, Sobat Trisma harus denger, harus nonton banget si Makramat
ini, karena Makramat itu kedengarannya seru
abis.  Sobat Trisma harus tahu kalau
nanti nggak cuma anak teater
aja, tapi ada banyak anggota ekstra
lain yang pasti bakal ikut
berpartisipasi dalam acara teater tiga
atau Makramat ini.  Kayak misalnya aja, ini ada dari Extra Voice
of Generation atau VOG, terus juga ada extra dari
Taris Sunari Kecana, dan juga extra dance Pocahontas
Trisma.  Dan gak kalah menarik, makramat nanti bakal dibagi menjadi
dua sesi.  Satu sesi untuk anak-anak theater 3 yang masih
aktif, dan lagi satu lagi untuk
para alumni theater 3.  Bisa bayangin gak sih Sobat
Trisma bakal sekeren apa pertunjukan
makramat nanti?  Dan apalagi alumni gitu ya
Sobat Trisma.  Jadi kayak pasti dia, mereka alumni-alumni itu bakal nostalgia banget
untuk melakukan pertunjukan makramat ini.  Untuk hasil sekeren itu pastinya
kita butuh pengorbanan juga kan
Sobat Trisma.  Dan itulah anak-anak teater yang sedang ngelakukan
sekarang.  Walau di minggu ini mereka
libur 4 hari karena ada
hari raya galungan.  Di hari Selasa mereka bakal
latihan selama 6 hari dalam
seminggu. Jadi, cuma sehari istirahat habis itu
lanjut latihan lagi, yang biasanya jalan dari jam
4 sore sampai jam 10
malem, atau mereka biasanya latihan dari
jam 11 siang sampai 6
sore, Sebat Trisma.  Dalam cabang latihan ini, ada bakal 13 koreo yang
harus dihapalin, sobat Trisma. Bayangin dengan waktu sebelum itu
harus ngapalin 13 koreo.  Apa nggak capek ya Sobat
Trisma? Apa nggak ngos-ngosan ya?  Dan bisa kebayangkan bakal se
wah apa lagi performa mereka
nanti.  Citra jadi nggak sabar ya
Sobat Trisma buat nonton.  Kalau misalnya Sobat Trisma juga
kepo, jangan lupa untuk terus pantengin
Instagramnya @theater3 ya.  Dan sekarang udah bahas, udah selesai nih kita membahas
tentang theater 3.  Sekarang kita bakal geser ke
ekstra lagi satu yg ni
kir 3.  Sekarang kira tiga lagi sibuk-sibuknya mempersiapkan kompetisi Trisma Research
Innovation dan Scientific Competition atau
yang biasa disebut oleh Trifiction.  Citra jelasin dikit lah ya.  Karena Citra yakin Subah Trisma
juga pasti penasaran sama apa
sih itu Trifiction.  Apalagi buat Subah Trisma yang
hobi banget ini.  Ngeracik-neracik cairan yang bakal bisa
dibuat untuk pengobatan, berkarya di penelitian.  Nah pasti bakal suka banget
sama kegiatan Tri-Fiction ini. Jadi, Sobat Trisma, Tri-Fiction ini adalah lomba yang
diadain sama extra kirtiga dari
tahun 2021.  Yang basisnya itu nggak jauh-jauh dari nama extranya ya, yaitu ilmiah. Jadi lomba Tri-Fiction ini adalah lomba tentang
penelitian.  dan kriteria peserta itu ada
untuk anak-anak SMP Sebali lho, Sobat Trisma.  Dan untuk lomba nya sendiri
terdiri dari 3 cabang lomba
di tahun ini.  Yang pertama itu ada karya
tulis ilmiah untuk poster publik.  Dan yang terbaru dan juga
yang beda yaitu tahun ini
ada debat Sobat Trisma.  Biasanya kalau misalnya kita lihat
ada lomba-lomba penelitian itu kan antara
lomba nya itu karya tulis,  Terus itu ada lomba poster
publik. Biasanya itu kan yang berbeda
itu ada temanya ya Sobat
Trisma. Ada yang misalnya membuat pelitian
tentang bidang ekonomi, sejarah, terus ada matematika, fisika.  Nah, tapi sekarang Tri-Fiction ini lagi mempersiapkan untuk
cabang lomba baru, ya itu lomba debat. Sobat Trisma sering ngasih lihat
lomba debat.  dulu citra pas kecil sering
banget lihat orang debat di
TV-TV kayak COC gitu Sobat
Trisma. Dan pas banget sama anak
SMP sekarang yang suka debat
ini bakal jadi momen yang
sempurna banget buat nambah pengalaman
dan ningkatin kemampuan. Kalau Sobat Trisma baru tau
sekarang dan tertarik buat ikut-ikut saudaranya atau ajak temen-temen adik SMP Sobat Trisma
buat ikut, tenang aja Sobat Trisma bisa
masih bisa daftar kok.  karena sekarang Kir 3 masih
buka pendaftaran batch kedua atau
last call dari tanggal 15
November sampai 15 Desember nanti.  Tapi kalau misalnya Sobat Trisma
cuman mau lihat progress dari
Tri-Fiction ini, kepo gitu kira-kira kegiatan Tri-Fiction ini apa aja sih.  Nah sobat Trisma bisa banget
cek selengkapnya di Instagram Kir
3 Trisma ya, karena citra yakin lomba ini
pasti seru banget, apalagi buat pesertanya.  Karena yang pasti lomba apapun
itu peserta dan panitia bakal
punya pengalaman baru.  Ini dia Sobat Trisma, beberapa kegiatan warga Trisma di
tengah liburan ini.  Citra mau ucapin makasih banget
buat Sobat Trisma yang sudah
selalu setia untuk dengerin kelas
Trisma di tiap hari Sabtu.  Untuk menutup, Citra bakal putriin satu lagu, Zimzalabim dari Red Velvet.  Cita juga mau usahapin selamat
merayakan Hari Raya Galungan dan
Kuningan bagi yang merayakan ya!  Selamat mendengarkan dan sampai jumpa!  Happy Weekend Sobat Trisma! Voice of Trisma, the best online radio in
Bali! Bye Sobat Trisma! 
[Lirik] Hoo! hahaha...  
[Lirik] Are you ready for this? 
[Lirik] Zimzalabim! 
[Lirik] Amgeona geona geona jjotta jichiji
ma 
[Lirik] Neul bara bara barabwatja kkumi
anya 
[Lirik] Neol kkeonae kkeonae kkeonae jinjja
ni mameul bwa 
[Lirik] Mweol weonhae weonhae weonhae tell
me 
[Lirik] Shinnaneun harul mandeureo bolkka? 
[Lirik] Nemonan jigu wiro 
[Lirik] Geokjeongeun modu deonjeo 
[Lirik] Nananana nanananana higher 
[Lirik] Ipsure pieonaneun 
[Lirik] Jumune neoreul matgyeo 
[Lirik] Nananana nanananana (Ha!) 
[Lirik] Zimzalabim zim-zimzalabim 
[Lirik] Zim-zimzalabim zim-zim 
[Lirik] Zimzalabim zim-zimzalabim 
[Lirik] Zim-zimzalabim zim-zim 
[Lirik] Zimzalabim zim-zimzalabim 
[Lirik] Zim-zimzalabim zim-zim 
[Lirik] Zimzalabim zim-zimzalabim 
[Lirik] Zim-zimzalabim zim-zim 
[Lirik] Eomeo eomeo eomeo hwaljjak unneun
neol bwa 
[Lirik] Neomu neomu neomu kkamjjak nollajin
ma 
[Lirik] Geuge baro neoya 
[Lirik] Jumuneul weneun sungan nugudeun haengbokaejeo

[Lirik] Nananana nanananana higher 
[Lirik] Teure bakin sesang sogeseo 
[Lirik] Gildeuryeojin neon maeil manyang deomdeom

[Lirik] Nal ttara haebwa mweo deo
piryohae? 
[Lirik] Hey girls! (A-ha!) 
[Lirik] You ready? (Oh yeah!) 
[Lirik] Neo mollae jachwireul gamchun kkumeul
chajaseo 
[Lirik] Dallyeo bolkka hamkkehae jweo boys

[Lirik] Jangnanseureoun moksoriro 
[Lirik] Maeumkkeot wecheo modu itgo 
[Lirik] Zimzalabim zim-zimzalabim 
[Lirik] Zim-zimzalabim zim-zim 
[Lirik] Zimzalabim zim-zimzalabim 
[Lirik] Zim-zimzalabim zim-zim 
[Lirik] Zimzalabim zim-zimzalabim 
[Lirik] Zim-zimzalabim zim-zim 
[Lirik] Zimzalabim zim-zimzalabim 
[Lirik] Zim-zimzalabim zim-zim 
[Lirik] Byeolppit gadeukan nuneul bwa 
[Lirik] (Nuguboda binna boseokcheoreom banjjak) 
[Lirik] Oh meolliseo hemaejin ma 
[Lirik] (Nunbushige binna useo bwa deo
hwaljjak) 
[Lirik] Kkumeun ni ane inneun geol

[Lirik] Zimzalabim zim-zimzalabim 
[Lirik] Zim-zimzalabim zim-zim 
[Lirik] Zimzalabim zim-zimzalabim 
[Lirik] Zim-zimzalabim zim-zim 
[Lirik] Zimzalabim zim-zimzalabim 
[Lirik] Zim-zimzalabim zim-zim 
[Lirik] Zimzalabim zim-zimzalabim 
[Lirik] Zim-zimzalabim zim-zim 
[Lirik] Nanananana nananana 
[Lirik] Nanananana nananana 
[Lirik] Nanananana nananana 
[Lirik] Nanananana nananana [Intro] Voice of Trisma, the best online radio in
Bali.  Voice of Trisma, the best online radio in
Bali.  Halo, Sobat Trisma. Ini Bulan di sini.  Voice of Trisma, the best online radio in
Bali.  Halo, Sobat Trisma. Ini Bulan di sini. Kita minggu ini.  Karena seperti biasa hari ini
kita bakal bahas lagi nih.  Tanganada Indonesia, edisi 22 November 2025. Hooray!  Minggu lalu kita kan udah
bahas ya top 5 yang
keren-keren banget.  Nah, sekarang pertanyaannya apakah mereka masih
bertahan atau kira-kira ada drama baru nih
ya di Tangga nada kita
minggu ini?  Penasaran gak sih sobat Trisma? Bulan pribadi sih udah gak
sabar banget mau cerita ke
Sobat Trisma. Soalnya minggu ini ada yang
menarik banget loh, ada yang naik, ada yang turun dan mungkin
ada kejutan-kejutan lainnya. pokoknya seru banget deh Sobat
Trisma.  Oke sobat, Bulan udah gak tahan lagi
nih mau ngasih tau siapa
aja sih yang masuk ke
top 5 minggu ini.  Jadi jangan kemana-mana ya sobat Trisma, tetep stay tune di Voice
of Trisma.  Karena sekarang kita bakal mulai
dari peringkat ke 5.  Selamat mendengarkan sobat Trisma.  
[Lirik] Teringat seru suaramu 
[Lirik] Menepis keraguan 
[Lirik] Namun dewasa mengubah 
[Lirik] Cara pandang dan keikhlasan 
[Lirik] Bersaut dan bergulat 
[Lirik] Terperai-perai menghilang 
[Lirik] Perih yang terasa 
[Lirik] Sakit yang tak sirna 
[Lirik] Harapan akankah ada 
[Lirik] Berputar arah 
[Lirik] Angan tenggelam dalam kabut dan
amarah 
[Lirik] Luka terkuak dan menggebu tanpa
arah 
[Lirik] Tangis yang terbendung 
[Lirik] Terbuang dalam waktu 
[Lirik] Yang meluruh 
[Lirik] Perih yang terasa 
[Lirik] Sakit yang tak sirna 
[Lirik] Harapan akankah ada 
[Lirik] Berubah 
[Lirik] Melihatmu bersemi dan bermekaran 
[Lirik] Tawa candamu berikan kekuatan 
[Lirik] Sisa hariku pagi berganti waktu

[Lirik] Memelukmu  Voice of Trisma, the best online radio in
Bali dan  Ini dia peringkat
5 tangga nada Indonesia minggu
ini terbuang dalam waktu dari
bara suara.  Sobat Trisma, lagu ini turun nih dari
minggu lalu.  Minggu lalu berada di peringkat
kedua, tapi walaupun turun, lagu ini tetap berada di
top 5 kok.  Keren banget kan Sobat Trisma?  Lagu ini tuh sebenarnya udah
dirilis dari Agustus 2023.  Tapi makin hits banget pas
jadi soundtrack film ""Sore"" istri dari masa depan.  Ingat gak sih Sobat Trisma? Beberapa minggu lalu lagu ini
tuh sempet jadi juara tangga
nada kita berturut-turut loh.  Terus sempet turun sih. Dan sekarang naik lagi deh. Kayaknya orang-orang ini masih pada gamon
ya sama film ini.  Tapi Bulan emang bisa akui
sih film ini tuh bikin
gamon dan emang bagus banget
Sobat Trisma.  Nah, yang bikin lagu ini spesial
tuh, pesannya dalam banget sobat!  Lagu ini tuh ngomong soal
perasaan terasing dan kehilangan di
tengah perubahan waktu.  Kayak kita tuh kadang ngerasa
ditinggalin sama waktu, atau ngerasa sendiri nih meskipun
dikelilingi sama banyak orang.  Relate banget gak sih sobat
Trisma? Apalagi kalo lagi ngerasa kayak
semua tuh berubah terlalu cepet
gitu loh.  kayak misalnya temen-temen yang mulai sibuk sendiri, prioritas kita yang udah mulai
berubah atau mungkin ada hubungan
yang berubah.  Nah, lagu ini tuh bener bener
ngegambarin perasaan itu nih sobat
Trisma.  Bulan pribadi sih sering denger
lagu ini tuh pas lagi
merendung gitu nih sobat Trisma, atau lagi sendirian.  Kayak lagu ini tuh temen
yang ngerti banget gitu sama
gimana rasanya lagi down tapi
tetap harus kuat.  Cocok deh kalau sobat Trisma
lagi butuh ruang buat ngerasain
emosi atau yang pengen ngerasa
dipahamin sama lagu.  Oke sobat Trisma, sekarang saatnya kita masuk ke
peringkat keempat.  Siapa ya yang berhasil sampai
di titik ini?  Selamat mendengarkan sobat Trisma!  
[Lirik] Dan... 
[Lirik] Dan bila esok datang kembali

[Lirik] Seperti sedia kala 
[Lirik] Di mana kau bisa bercanda

[Lirik] Dan... 
[Lirik] Perlahan kau pun lupakan aku

[Lirik] Mimpi burukmu 
[Lirik] Di mana telah kutancapkan duri
tajam 
[Lirik] Kau pun menangis, menangis sedih 
[Lirik] Maafkan aku 
[Lirik] Dan... 
[Lirik] Bukan maksudku, bukan inginku 
[Lirik] Melukaimu 
[Lirik] Sadarkah kau di sini ku
pun terluka 
[Lirik] Melupakanmu, menepikanmu 
[Lirik] Maafkan aku 
[Lirik] Lupakanlah saja diriku 
[Lirik] Bila itu bisa membuatmu 
[Lirik] Kembali bersinar dan berpijar 
[Lirik] Seperti dulu kala 
[Lirik] Caci-maki saja diriku 
[Lirik] Bila itu bisa membuatmu 
[Lirik] Kembali bersinar dan berpijar 
[Lirik] Seperti dulu kala Voice of
Trisma, the best online radio in
Bali. Dan di posisi empat minggu
ini ada lagu legendaris yang
kembali lagi nih Sobat trisma, yaitu lagu berjudul ""Dan"" Dari Sheila On 7.  Wah sobat Trisma, lagu ini tuh ternyata udah
dari tahun 1999 loh, tapi sampe sekarang masih tetep
enak banget buat didengerin.  Apalagi nih, kalo lagi sore-sore gini.  Terus musim hujan lagi ya
Sobat Trisma ?  Vibesnya tuh rasanya tuh pas
banget buat dengerin lagu ""Dan"" dari Sheila On 7 ini.  Jadi Sobat Trisma , kenapa sih lagu ini tuh
masih banyak banget yang request
padahal udah lama banget dirilis?  Karena lagu ini tuh ngomongin
soal cinta yang tulus banget.  Kayak ada seseorang yang rela
ngelakuin apa aja demi orang
yang dia sayang.  meskipun nih mungkin hubungannya tuh
gak sempurna, tapi dia tuh tetep aja
mau bertahan.  Jadi yang bikin relate tuh
lagu ini juga ngajarin kita
gitu loh sobat buat mengehargai
momen-momen bahagia yang pernah kita
lakuin sama orang spesial.  Kadang kan kita tuh suka
banget ya kangen gitu sama
masa-masa itu dan pengen banget
ngulang lagi.  Nah lagu ini tuh berhasil
banget ngegambarin perasaan itu sobat
Trisma.  Oke, sobat itu dia peringkat keempat
kita minggu ini. Sekarang kita lanjut ke peringkat
ketiga. Ada lagu apa aja yang
berhasil naik posisi ini? Selamat mendengarkan sobat Rizwan. 
[Lirik] Dalam kepalamu, ribuan memori 
[Lirik] Mana yang membuatmu s'perti hari ini? 
[Lirik] Jatuh pertamamu dari sepeda? 
[Lirik] Penampakan hantu di rumah tua? 
[Lirik] Serpihan berbahagia 
[Lirik] Atau justru buatmu merana? 
[Lirik] Jika ada ingatan yang terus
menghangatkan dirimu 
[Lirik] Jaga apinya, hadapi hari, teruslah kau begitu 
[Lirik] Jika ada pedih yang panjang
mengikat tubuhmu 
[Lirik] Percayalah, dunia tak selamanya harus begitu

[Lirik] Karyawisata, liburan pertama 
[Lirik] Kado dari mama dan papa

[Lirik] Kar'na berhasil naik kelas 
[Lirik] Walau rata-rata pas-pasan 
[Lirik] Nekat pulang lewat jam malam

[Lirik] Dilarang jalan-jalan sebulan 
[Lirik] Setahun bimbingan belajar 
[Lirik] Gawat! Ujian sekolah 
[Lirik] Serpihan berbahagia 
[Lirik] Atau justru buatmu merana? Oh 
[Lirik] Pertahankan atau melupa? 
[Lirik] Pilihanmu, Kawan, tidak mengapa 
[Lirik] Oh, tak apa-apa 
[Lirik] Jika ada ingatan yang terus
menghangatkan dirimu 
[Lirik] Jaga apinya, hadapi hari, teruslah kau begitu 
[Lirik] Jika ada pedih yang panjang
mengikat tubuhmu 
[Lirik] Percayalah, dunia tak selamanya harus begitu

[Lirik] Dalam kepalamu (kepalamu) 
[Lirik] Ribuan memori (memori) 
[Lirik] Mana yang membuatmu 
[Lirik] Di hari ini? 
[Lirik] Pa-pa, ra-pa, pa-pa, pa-ra-ra-pa-ra 
[Lirik] Pa-pa, ra-pa, pa-pa, pa-ra-ra-pa-ra 
[Lirik] Pa-pa, ra-pa,  Voice of Trisma, the best online radio in
Bali.  Nah Sobat Trisma, sekarang kita masuk ke peringkat
ketiga dan lagu kali ini
tuh dalam banget dan bikin
kita mikir sekaligus nostalgia ya
sobat Trisma  yaitu ada Ribuan
Memori dari Lomba Sihir  Lagu
Ribuan Memori ini tuh dirilis
tahun 2021 dan sampai sekarang
tuh masih sering banget di
request. Kira-kira kenapa ya Sobat Trisma?  Karena lagu ini tuh bukan
sekedar kumpulan nada dan lirik
biasa gitu loh sih.  Tapi ini tuh kayak lebih
ke refleksi tentang gimana kenangan
kita, baik yang manis maupun pahit
membentuk siapa kita hari ini
sobat.  dan Sobat Trisma , aku pribadi sih suka banget
ya sama lagu ini, apalagi apa kita hari ini
Sobat dan Sobat Trisma , aku pribadi sih suka banget
ya sama lagu ini, apalagi ngajak kita tuh buat
ngeliat balik perjalanan yang udah
kita lalui selama ini dan
nyadarin kita kayak bahwa momen
kecil yang mungkin terlupakan ternyata
punya pengaruh besar dalam hidup
kita.  misalnya nih sobat Trisma kayak
pengalaman pertama kali masuk SMA
atau pertama kali ketemu sahabat
yang sekarang udah kayak keluarga
gitu  atau bahkan nih kenangan
pas kita lagi nervous banget
waktu presentasi pertama di depan
kelas  ternyata semua itu tuh
membentuk kita jadi kayak sekarang
sobat Trisma  apalagi buat sobat
Trisma yang sekarang udah kelas
3 SMA kayak Bulan  Pasti
udah banyak banget kenangan dari
kelas satu sampe sekarang kan
Sobat Trisma?  Dan sebentar lagi kita bakal
lulus, bakal ada ribuan memori baru
yang bakal kita bawa.  Makanya lagu ini tuh spesial
banget, karena ngingetin kita buat menghargai
setiap momen yang udah kita
lulus Sobat Trisma.  Wah, pastinya memang bener-bener jago ya bikin lagu
yang bikin kita ngerasain emosi
yang dalam banget.  Oke Sobat Trisma, setelah nostalgia beren dibuan memori
tadi, kita naik lagi yuk ke
peringkat kedua. Siapa ya yang berhasil mendekati
puncak tangga ada kita?  Yuk langsung aja kita lanjut. Selamat mendengarkan Sobat Trisma.  
[Lirik] Ulah siapa yang bisa buatku
begini 
[Lirik] Gila ini bahagia apa menderita

[Lirik] Langit lagi bagus-bagusnya 
[Lirik] Tapi bagiku biasa saja 
[Lirik] Dia buatku terkesima 
[Lirik] Menyapamu tak berani menciummu apalagi

[Lirik] Mata pundak lutut kaki gemetar
ku berdiri 
[Lirik] Kalau sampai ku miliki 
[Lirik] Tak mau ku tidur lagi

[Lirik] Alamat malah nanti kau pergi

[Lirik] Kalau ada sembilan nyawa 
[Lirik] Mau samamu sa  
[Lirik] ada sembilan nyawa 
[Lirik] Mau samamu saja semuanya 
[Lirik] Ini dada isinya kamu semua

[Lirik] Alamak ini kah jatuh cinta

[Lirik] Apa kamu sayang 
[Lirik] Apa khayalan cubit aku sekarang

[Lirik] Buat mabuk kepayang 
[Lirik] Seketika pingsan mana napas buatan

[Lirik] Can I see you for
a minute 
[Lirik] Boleh aku visit 
[Lirik] See your mom and dad
aku pamit 
[Lirik] Kalau memang naga-naganya kau berkenan 
[Lirik] Ku berangkat sekarang 
[Lirik] Menyapamu tak berani menciummu apalagi

[Lirik] Mata pundak lutut kaki gemetar
ku berdiri 
[Lirik] Kalau sampai ku miliki 
[Lirik] Tak mau ku tidur lagi

[Lirik] Alamat malah nanti kau pergi

[Lirik] Kalau ada sembilan nyawa 
[Lirik] Mau samamu saja semuanya 
[Lirik] Ini dada isinya kamu semua

[Lirik] Alamak inikah jatuh cinta Voice
of Trisma, the best online radio in
Bali. Dan inilah runner up tangga
nada indonesia minggu ini alamak
dari Rizky Febian dan Adrian
Khalif sobat trisma lagu ini
tuh sebenarnya udah sempet duduk
manis di peringkat 1 selama
3 minggu berturut-turut loh sobat trisma, gila kan?  Tapi beberapa minggu lalu juga
sempet turun tahta  Dan sekarang
balik lagi nih, menjadi runner up tangga nada
voice of Trisma minggu ini
Wah ini sih yang namanya
fenomena viral beneran ya Sobat
Trisma  Dan fun fact nih, cerita dibalik lagu ini tuh
unik banget Sobat  Jadi sebelum
lagu ini rilis resmi, Mahalini tuh atau istrinya Risky
Fabian  udah bikin konten di
tiktok duluan.  Dia itu nyanyi lagu ini
sambil ganti liriknya khusus buat
putrinya Selena.  Dan yang bikin viral dia
tuh nyanyi bagian yang ngegambarin
kalau dia tuh rela ngabisin
semua waktu hidupnya tuh sama
Selina.  Dan videonya langsung booming sobat
Trisma di mana-mana  dan ditonton lebih dari
10 juta kali loh di
tiktok.  Wah bayangin aja tuh sobat
Trisma belum dirilis.  udah viral aja nih lagunya. Nah karena viralnya itu banyak
banget nih orang yang penasaran
sama versi penuhnya dari alamak
ini. Dan akhirnya tanggal 3 Oktober
2025 lagu ini tuh resmi
deh di-release. Langsung udah pada semua orang
tuh buru-buru buat dengerin. Bahkan Bulan liat tik komennya
ya ada Sobat Trisma yang
bilang lebih candu nih sama
lirik yang diganti pake namanya
Selina nih Sobat.  Wah lucu banget ya sobat
trisma.  Dan setelah lagu ini dirilis,  Bulan tuh jadi sadar.  Ternyata lagu ini tuh bercerita
tentang seseorang yang lagi  jatuh
cinta,  tapi susah nih buat ngungkapin
perasaannya.  Soalnya rasanya kayak campur aduk
gitu,  seneng,  gugup, takut  semuanya tuh pokoknya dateng
deh  barengan. Pernah ngerasain gak sih  sobat
trisma? Kayak sobat tuh mau ngomong,  Tapi lidahnya itu klu banget. Nah, itu dia yang digambarin sama
lagu ini.  Makanya lagu ini tuh langsung
viral ya Sobat Trisma, soalnya relate banget nih sama
kondisi kita yang suka gugup
kalau ketemu crush.  Rizky Febian dan Adrian Khalif
emang berhasil banget bikin lagu
yang bikin semua orang ketagihan
ya Sobat Trisma.  Nah, sekarang kita lanjut ke peringkat
pertama ya.  Akhirnya nih, Sobat trisma, kita sampai di momen yang
paling ditunggu-tunggu, posisi pertama raja di tangga
nada minggu ini.  Siapa ya yang berhasil duduk
manis di puncak? Kira-kira ada perubahan gak sih? Atau masih bertahan?  dan yuk Sobat Trisma pringkat
pertamanya ada tiga-tiga X dari Perunggu, wuhu, congrats ya Perunggu  dan fun
factnya nih Sobat Trisma, lagu ini tuh udah menjadi
juara satu selama 3 minggu
berturut-turut  dan minggu ini tetep
bertahan menjadi juara satu tangan
ada Indonesia versi Voice of
Trisma nih Sobat Trisma  dan
wih inituh salah satu lagu
kebanggaannya band Perunggu deh.  Tau gak sih, Sobat Trisma lagu ini dirilis
tanggal 11 Maret 2022.  Dan sampai sekarang masih jadi
lagu Perunggu dengan jumlah pendengar
terbanyak di Spotify,  yaitu lebih dari 22 juta
pendengar,loh Sobat Trisma. Gila banget kan lagu ini.  Nah, yang tegi lagu ini viral
lagi sekarang ternyata ada penggalan
lirik yang lagi happening banget
di TikTok.  Itu loh yang bagian, ""Kami pernah di situ, di posisimu, helakan kesahmu.""  Jadi banyak banget deh content
creator yang pakai lagu ini
buat back sound video mereka.  Dan emang sih ya liriknya
tuh relate banget sama kondisi
kita.  Tapi sobat Trisma, lagu ini itu sebenarnya bukan
sekedar lagu biasa loh.  Dibalik musiknya yang enak didengar, lagu ini itu sebenarnya punya
makna spiritual yang dalam banget.  Lagu ini itu mengingatin kita
tentang pentingnya mengingat Tuhan dan
berserah diri kepadanya.  Bulan sendiri sih suka banget
ya denger lagu ini pas
lagi butuh ketenangan.  Soalnya musiknya enak, liriknya tuh bikin refleksi dan
bikin kita lebih grateful nih
sama apa yang udah kita
punya.  Perunggu pokoknya beneran jago deh, bikin lagu yang enak didenger
tapi juga penuh banget sama
makna.  Nah, Sobat Trisma, itu dia Top 5 tangga
nada Indonesia, edisi 22 November 2025.  Gimana? Seru banget kan perjalanan kita
hari ini?  Banyak banget yang berubah, banyak yang bertahan, dan pastinya banyak lagu keren
juga yang bisa jadi teman
kita sehari-hari.  Bulan penasaran nih Sobat Trisma, ada nggak sih lagu yang
bikin Sobat Trisma kaget minggu
ini?  Atau mungkin ada kek ga
ya gak lagu favorit yang
belum masuk tapi pengen banget
denger di tengah lagu minggu
depan?  Kalau ada, langsung aja deh sobat request
melalui form conveito, karena suara sobat Trisma itu
penting banget.  Pokoknya request dari sobat Trisma
bisa membuat lagu kita tuh
naik, bahkan jadi juara loh.  Bulan tunggu ya request sobat
Trisma di Conveito yang linknya
sudah ada di Instagram @madyapadma.  Dan Bulan juga mau bilang
makasih ya, buat sobat Trisma yang sudah
setia nemenin Bulan sore ini.  Semoga lagu-lagu yang sudah kita bahas
tadi bisa bikin hari-hari Sobat Trisma lebih berwarna
ya.  Oke Sobat Trisma, Bulan pamit dulu. Sampai jumpa lagi minggu depan
di tangga nada Indonesia minggu
depan.  Jangan lupa untuk tetap stay
tune di Voice of Trisma, the best online radio in
Bali.  Dadah Sobat Trisma, happy weekend!  
[Lirik] Risalah terikatnya 
[Lirik] Batin dan raga yang mengunci

[Lirik] Diatas Sang Maha Daya 
[Lirik] Semua kendali terambil alih 
[Lirik] Jikalau kau keluhkan 
[Lirik] Dengung sumbang yang mengganggu 
[Lirik] Buka lagi visimu 
[Lirik] Kau tahu mana urutan satu

[Lirik] Diantara pusaran nirfungsi 
[Lirik] Petakan semua lagi 
[Lirik] Titik tuju yang t'lah terpatri 
[Lirik] Melamban bukanlah hal yang tabu

[Lirik] Kadang itu yang kau butuh

[Lirik] Bersandar hi 
[Lirik] Bersandar hibahkan bebanmu 
[Lirik] Rotasikan pandanganmu 
[Lirik] Ambil sudut yang terbaru 
[Lirik] Belum pernah kau coba 
[Lirik] Lihat semua bukan dari matamu

[Lirik] Kelak kau kan mengingat 
[Lirik] Yang membawamu kesini 
[Lirik] Kami pernah disitu 
[Lirik] Di posisimu 
[Lirik] Helakan kesahmu 
[Lirik] Diantara pusaran nirfungsi 
[Lirik] Petakan semua lagi 
[Lirik] Titik tuju yang t'lah terpatri 
[Lirik] Melamban bukanlah hal yang tabu

[Lirik] Kadang itu yang kau butuh

[Lirik] Bersandar hibahkan bebanmu 
[Lirik] Tak perlu kau berhenti kurasi

[Lirik] Ini hanya sementara 
[Lirik] Bukan ujung dari rencana 
[Lirik] Jalanmu kan sepanjang niatmu 
[Lirik] Simpan tegar dalam hati 
[Lirik] Dua sembilan kau terus mencari

[Lirik] Sebutlah namaNya 
[Lirik] Tetap di jalanNya 
[Lirik] Kelak kau mengingat 
[Lirik] Kau akan teringat 
[Lirik] Sebutlah namaNya 
[Lirik] Tetap di jalanNya 
[Lirik] Kelak kau mengingat 
[Lirik] Kau akan teringat 
[Lirik] Sebutlah namaNya 
[Lirik] Tetap di jalanNya 
[Lirik] Kelak kau mengingat 
[Lirik] Kau akan teringat 
[Lirik] Sebutkanlah namaNya 
[Lirik] Resapilah jalanNya 
[Lirik] Kelak kau mengingat 
[Lirik] Kau akan teringat 
[Lirik] Terus berenang 
[Lirik] Lanjutlah mendaki 
[Lirik] Terus berenang 
[Lirik] Lanjutlah mendaki 
[Lirik] Terus berenang 
[Lirik] Lanjutlah mendaki 
[Lirik] Terus berenang 
[Lirik] Lanjutlah mendaki [Tri Sandya] Oṁ, Oṁ, Oṁ [Tri Sandya] Bhūr bhuvaḥ svaḥ [Tri Sandya] Tat savitur vareṇyaṃ [Tri Sandya] Bhargo devasya dhīmahi [Tri Sandya] Dhiyo yo naḥ pracodayāt [Tri Sandya] Oṁ Nārāyaṇa evedaṁ Sarvām [Tri Sandya] Yad bhūtaṁ yac ca bhavyam [Tri Sandya] Niṣkalaṅko nirañjano nirvikalpo [Tri Sandya] Nirākhyātaḥ śudho deva eko [Tri Sandya] Nārāyaṇaḥ na dvitīyo asti kaścit [Tri Sandya] Oṁ tvaṁ Śivas tvaṁ Mahādevaḥ [Tri Sandya] Īśvaraḥ Parameśvaraḥ [Tri Sandya] Brahmā Viṣṇuś ca Rudraś ca [Tri Sandya] Puruṣaḥ Parikīrtitāḥ [Tri Sandya] Oṁ Pāpo ’haṁ pāpakarmāhaṁ [Tri Sandya] Pāpātmā pāpasaṁbhavaḥ [Tri Sandya] Trāhi māṁ puṅḍarikākṣaā [Tri Sandya] Sabāhyā bhyāntaraḥ śuciḥ [Tri Sandya] Oṁ Kṣamasva mām Mahādevaḥ [Tri Sandya] Sarvāprāṅi hitāṅkaraḥ [Tri Sandya] Mām moca Sarvā pāpebhyaḥ [Tri Sandya] Pālayasva sadāśiva [Tri Sandya] Oṁ Kṣantavyaḥ kāyiko doṣāḥ [Tri Sandya] Kṣantavyo vāciko mama [Tri Sandya] Kṣantavyo mānaso doṣaḥ tat [Tri Sandya] Pramādāt Kṣamasva mām [Tri Sandya] Oṁ, Śāntiḥ, Śāntiḥ, Śāntiḥ, Oṁ [Intro] Voice of Trisma the best
online radio in Bali"